#
# There is insufficient memory for the Java Runtime Environment to continue.
# Native memory allocation (malloc) failed to allocate 993888 bytes for Chunk::new
# Possible reasons:
#   The system is out of physical RAM or swap space
#   The process is running with CompressedOops enabled, and the Java Heap may be blocking the growth of the native heap
# Possible solutions:
#   Reduce memory load on the system
#   Increase physical memory or swap space
#   Check if swap backing store is full
#   Decrease Java heap size (-Xmx/-Xms)
#   Decrease number of Java threads
#   Decrease Java thread stack sizes (-Xss)
#   Set larger code cache with -XX:ReservedCodeCacheSize=
#   JVM is running with Zero Based Compressed Oops mode in which the Java heap is
#     placed in the first 32GB address space. The Java Heap base address is the
#     maximum limit for the native heap growth. Please use -XX:HeapBaseMinAddress
#     to set the Java Heap base and to place the Java Heap above 32GB virtual address.
# This output file may be truncated or incomplete.
#
#  Out of Memory Error (arena.cpp:184), pid=18404, tid=19964
#
# JRE version: Java(TM) SE Runtime Environment (20.0.2+9) (build 20.0.2+9-78)
# Java VM: Java HotSpot(TM) 64-Bit Server VM (20.0.2+9-78, mixed mode, sharing, tiered, compressed oops, compressed class ptrs, g1 gc, windows-amd64)
# No core dump will be written. Minidumps are not enabled by default on client versions of Windows
#

---------------  S U M M A R Y ------------

Command Line: --add-opens=java.base/java.lang=ALL-UNNAMED --add-opens=java.base/java.lang.invoke=ALL-UNNAMED --add-opens=java.base/java.util=ALL-UNNAMED --add-opens=java.prefs/java.util.prefs=ALL-UNNAMED --add-exports=jdk.compiler/com.sun.tools.javac.api=ALL-UNNAMED --add-exports=jdk.compiler/com.sun.tools.javac.util=ALL-UNNAMED --add-opens=java.base/java.util=ALL-UNNAMED --add-opens=java.prefs/java.util.prefs=ALL-UNNAMED --add-opens=java.base/java.nio.charset=ALL-UNNAMED --add-opens=java.base/java.net=ALL-UNNAMED --add-opens=java.base/java.util.concurrent.atomic=ALL-UNNAMED --add-opens=java.xml/javax.xml.namespace=ALL-UNNAMED -XX:MaxMetaspaceSize=4G -XX:ReservedCodeCacheSize=512m -XX:+HeapDumpOnOutOfMemoryError -Xmx8G -Dfile.encoding=UTF-8 -Duser.country=ID -Duser.language=en -Duser.variant -javaagent:C:\Users\LENOVO\.gradle\wrapper\dists\gradle-8.12-all\ejduaidbjup3bmmkhw3rie4zb\gradle-8.12\lib\agents\gradle-instrumentation-agent-8.12.jar org.gradle.launcher.daemon.bootstrap.GradleDaemon 8.12

Host: AMD Ryzen 5 5600H with Radeon Graphics         , 12 cores, 5G,  Windows 11 , 64 bit Build 22621 (10.0.22621.5415)
Time: Mon Oct 27 22:35:02 2025 SE Asia Standard Time elapsed time: 2765.766090 seconds (0d 0h 46m 5s)

---------------  T H R E A D  ---------------

Current thread (0x00000276fbd225b0):  JavaThread "C2 CompilerThread0" daemon [_thread_in_native, id=19964, stack(0x000000a955d00000,0x000000a955e00000)]


Current CompileTask:
C2:2765766 31366   !   4       java.util.Formatter::format (287 bytes)

Stack: [0x000000a955d00000,0x000000a955e00000]
Native frames: (J=compiled Java code, j=interpreted, Vv=VM code, C=native code)
V  [jvm.dll+0x6bc25a]
V  [jvm.dll+0x84971a]
V  [jvm.dll+0x84b315]
V  [jvm.dll+0x84ba13]
V  [jvm.dll+0x280e4f]
V  [jvm.dll+0xc2ab1]
V  [jvm.dll+0xc2dd5]
V  [jvm.dll+0x3bb64c]
V  [jvm.dll+0x385b75]
V  [jvm.dll+0x384fea]
V  [jvm.dll+0x24b529]
V  [jvm.dll+0x24a921]
V  [jvm.dll+0x1ce761]
V  [jvm.dll+0x25a0eb]
V  [jvm.dll+0x2587c0]
V  [jvm.dll+0x3f2dd5]
V  [jvm.dll+0x7f5c76]
V  [jvm.dll+0x6baecb]
C  [ucrtbase.dll+0x29333]
C  [KERNEL32.DLL+0x1259d]
C  [ntdll.dll+0x5af78]


---------------  P R O C E S S  ---------------

Threads class SMR info:
_java_thread_list=0x000002771706c090, length=74, elements={
0x00000276e83150f0, 0x00000276fbd13ee0, 0x00000276fbd14a20, 0x00000276fbd186b0,
0x00000276fbd19550, 0x00000276fbd1bea0, 0x00000276fbd1c7e0, 0x00000276fbd225b0,
0x00000276fbd349d0, 0x00000276fbce08b0, 0x00000276feaeeac0, 0x00000277002a6850,
0x00000276fec0d480, 0x00000276ff74bf50, 0x00000277004000b0, 0x0000027700400600,
0x00000277003fe0d0, 0x000002770205d810, 0x0000027702059da0, 0x000002770205b2e0,
0x000002770205e800, 0x000002770205ed50, 0x000002770205a2f0, 0x000002770205c2d0,
0x000002770205bd80, 0x000002770205c820, 0x000002770205f2a0, 0x000002770205d2c0,
0x000002770205cd70, 0x000002770375fb20, 0x0000027701639af0, 0x000002770163a040,
0x000002770163aae0, 0x0000027701638060, 0x00000277092d2620, 0x00000277092d40b0,
0x00000277092d55f0, 0x00000277003ff610, 0x00000277003fe620, 0x00000277003ffb60,
0x00000277003fd0e0, 0x00000277003feb70, 0x00000277003fd630, 0x00000277003fdb80,
0x00000277003ff0c0, 0x000002771716a260, 0x000002771716e220, 0x000002771716b7a0,
0x0000027717168d20, 0x0000027717166d40, 0x000002771716c790, 0x00000277171687d0,
0x0000027717167290, 0x0000027717169d10, 0x000002771716ecc0, 0x000002771716a7b0,
0x000002771716c240, 0x000002771716cce0, 0x000002771716d230, 0x000002771716dcd0,
0x000002771716ad00, 0x000002771716b250, 0x000002771716bcf0, 0x000002771716d780,
0x000002771716f210, 0x00000277171697c0, 0x0000027717167d30, 0x0000027717169270,
0x000002771716fcb0, 0x0000027717168280, 0x0000027717174710, 0x0000027717175700,
0x00000277171751b0, 0x00000277171731d0
}

Java Threads: ( => current thread )
  0x00000276e83150f0 JavaThread "main" [_thread_blocked, id=10140, stack(0x000000a955000000,0x000000a955100000)]
  0x00000276fbd13ee0 JavaThread "Reference Handler" daemon [_thread_blocked, id=21952, stack(0x000000a955700000,0x000000a955800000)]
  0x00000276fbd14a20 JavaThread "Finalizer" daemon [_thread_blocked, id=37224, stack(0x000000a955800000,0x000000a955900000)]
  0x00000276fbd186b0 JavaThread "Signal Dispatcher" daemon [_thread_blocked, id=35492, stack(0x000000a955900000,0x000000a955a00000)]
  0x00000276fbd19550 JavaThread "Attach Listener" daemon [_thread_blocked, id=37616, stack(0x000000a955a00000,0x000000a955b00000)]
  0x00000276fbd1bea0 JavaThread "Service Thread" daemon [_thread_blocked, id=36472, stack(0x000000a955b00000,0x000000a955c00000)]
  0x00000276fbd1c7e0 JavaThread "Monitor Deflation Thread" daemon [_thread_blocked, id=36860, stack(0x000000a955c00000,0x000000a955d00000)]
=>0x00000276fbd225b0 JavaThread "C2 CompilerThread0" daemon [_thread_in_native, id=19964, stack(0x000000a955d00000,0x000000a955e00000)]
  0x00000276fbd349d0 JavaThread "C1 CompilerThread0" daemon [_thread_blocked, id=16876, stack(0x000000a955e00000,0x000000a955f00000)]
  0x00000276fbce08b0 JavaThread "Common-Cleaner" daemon [_thread_blocked, id=14688, stack(0x000000a955f00000,0x000000a956000000)]
  0x00000276feaeeac0 JavaThread "Notification Thread" daemon [_thread_blocked, id=35696, stack(0x000000a956000000,0x000000a956100000)]
  0x00000277002a6850 JavaThread "Daemon health stats" [_thread_blocked, id=33212, stack(0x000000a956800000,0x000000a956900000)]
  0x00000276fec0d480 JavaThread "Incoming local TCP Connector on port 56495" [_thread_in_native, id=41328, stack(0x000000a956200000,0x000000a956300000)]
  0x00000276ff74bf50 JavaThread "Daemon periodic checks" [_thread_blocked, id=32736, stack(0x000000a956900000,0x000000a956a00000)]
  0x00000277004000b0 JavaThread "Cache worker for journal cache (C:\Users\LENOVO\.gradle\caches\journal-1)" [_thread_blocked, id=22604, stack(0x000000a957500000,0x000000a957600000)]
  0x0000027700400600 JavaThread "File lock request listener" [_thread_in_native, id=29408, stack(0x000000a957600000,0x000000a957700000)]
  0x00000277003fe0d0 JavaThread "Cache worker for file hash cache (C:\Users\LENOVO\.gradle\caches\8.12\fileHashes)" [_thread_blocked, id=9212, stack(0x000000a957700000,0x000000a957800000)]
  0x000002770205d810 JavaThread "File watcher server" daemon [_thread_in_native, id=10784, stack(0x000000a957c00000,0x000000a957d00000)]
  0x0000027702059da0 JavaThread "File watcher consumer" daemon [_thread_blocked, id=9172, stack(0x000000a957d00000,0x000000a957e00000)]
  0x000002770205b2e0 JavaThread "jar transforms" [_thread_blocked, id=6620, stack(0x000000a957e00000,0x000000a957f00000)]
  0x000002770205e800 JavaThread "jar transforms Thread 2" [_thread_blocked, id=9528, stack(0x000000a957f00000,0x000000a958000000)]
  0x000002770205ed50 JavaThread "jar transforms Thread 3" [_thread_blocked, id=3352, stack(0x000000a958000000,0x000000a958100000)]
  0x000002770205a2f0 JavaThread "jar transforms Thread 4" [_thread_blocked, id=18080, stack(0x000000a958100000,0x000000a958200000)]
  0x000002770205c2d0 JavaThread "jar transforms Thread 5" [_thread_blocked, id=41748, stack(0x000000a958200000,0x000000a958300000)]
  0x000002770205bd80 JavaThread "Cache worker for file content cache (C:\Users\LENOVO\.gradle\caches\8.12\fileContent)" [_thread_blocked, id=4812, stack(0x000000a958400000,0x000000a958500000)]
  0x000002770205c820 JavaThread "jar transforms Thread 6" [_thread_blocked, id=33004, stack(0x000000a958500000,0x000000a958600000)]
  0x000002770205f2a0 JavaThread "jar transforms Thread 7" [_thread_blocked, id=30932, stack(0x000000a958600000,0x000000a958700000)]
  0x000002770205d2c0 JavaThread "jar transforms Thread 8" [_thread_blocked, id=23980, stack(0x000000a958700000,0x000000a958800000)]
  0x000002770205cd70 JavaThread "jar transforms Thread 9" [_thread_blocked, id=15992, stack(0x000000a958800000,0x000000a958900000)]
  0x000002770375fb20 JavaThread "Memory manager" [_thread_blocked, id=12032, stack(0x000000a95ad00000,0x000000a95ae00000)]
  0x0000027701639af0 JavaThread "RMI Scheduler(0)" daemon [_thread_blocked, id=23432, stack(0x000000a95df00000,0x000000a95e000000)]
  0x000002770163a040 JavaThread "RMI GC Daemon" daemon [_thread_blocked, id=5384, stack(0x000000a95e200000,0x000000a95e300000)]
  0x000002770163aae0 JavaThread "RMI TCP Accept-0" daemon [_thread_in_native, id=9708, stack(0x000000a95e300000,0x000000a95e400000)]
  0x0000027701638060 JavaThread "RMI Reaper" [_thread_blocked, id=15068, stack(0x000000a95e400000,0x000000a95e500000)]
  0x00000277092d2620 JavaThread "jar transforms Thread 10" [_thread_blocked, id=19100, stack(0x000000a957a00000,0x000000a957b00000)]
  0x00000277092d40b0 JavaThread "jar transforms Thread 11" [_thread_blocked, id=5968, stack(0x000000a957b00000,0x000000a957c00000)]
  0x00000277092d55f0 JavaThread "jar transforms Thread 12" [_thread_blocked, id=13864, stack(0x000000a957000000,0x000000a957100000)]
  0x00000277003ff610 JavaThread "RMI TCP Connection(idle)" daemon [_thread_blocked, id=19548, stack(0x000000a954d00000,0x000000a954e00000)]
  0x00000277003fe620 JavaThread "Daemon Thread 4" [_thread_blocked, id=27360, stack(0x000000a954e00000,0x000000a954f00000)]
  0x00000277003ffb60 JavaThread "Handler for socket connection from /127.0.0.1:56495 to /127.0.0.1:52020" [_thread_in_native, id=3844, stack(0x000000a954f00000,0x000000a955000000)]
  0x00000277003fd0e0 JavaThread "Cancel handler" [_thread_blocked, id=33400, stack(0x000000a956a00000,0x000000a956b00000)]
  0x00000277003feb70 JavaThread "Daemon worker Thread 4" [_thread_in_Java, id=21552, stack(0x000000a956b00000,0x000000a956c00000)]
  0x00000277003fd630 JavaThread "Asynchronous log dispatcher for DefaultDaemonConnection: socket connection from /127.0.0.1:56495 to /127.0.0.1:52020" [_thread_blocked, id=5324, stack(0x000000a956c00000,0x000000a956d00000)]
  0x00000277003fdb80 JavaThread "Stdin handler" [_thread_blocked, id=38716, stack(0x000000a956d00000,0x000000a956e00000)]
  0x00000277003ff0c0 JavaThread "Daemon client event forwarder" [_thread_blocked, id=24808, stack(0x000000a956e00000,0x000000a956f00000)]
  0x000002771716a260 JavaThread "Cache worker for file hash cache (D:\Flutterfile\week9\camera_filter\android\.gradle\8.12\fileHashes)" [_thread_blocked, id=23988, stack(0x000000a956f00000,0x000000a957000000)]
  0x000002771716e220 JavaThread "Cache worker for Build Output Cleanup Cache (D:\Flutterfile\week9\camera_filter\android\.gradle\buildOutputCleanup)" [_thread_blocked, id=3720, stack(0x000000a958300000,0x000000a958400000)]
  0x000002771716b7a0 JavaThread "Cache worker for checksums cache (D:\Flutterfile\week9\camera_filter\android\.gradle\8.12\checksums)" [_thread_blocked, id=19624, stack(0x000000a958900000,0x000000a958a00000)]
  0x0000027717168d20 JavaThread "Cache worker for cache directory md-rule (C:\Users\LENOVO\.gradle\caches\8.12\md-rule)" [_thread_blocked, id=25540, stack(0x000000a958a00000,0x000000a958b00000)]
  0x0000027717166d40 JavaThread "Cache worker for cache directory md-supplier (C:\Users\LENOVO\.gradle\caches\8.12\md-supplier)" [_thread_blocked, id=10952, stack(0x000000a958b00000,0x000000a958c00000)]
  0x000002771716c790 JavaThread "Cache worker for Build Output Cleanup Cache (D:\flutter\packages\flutter_tools\gradle\.gradle\buildOutputCleanup)" [_thread_blocked, id=2996, stack(0x000000a958c00000,0x000000a958d00000)]
  0x00000277171687d0 JavaThread "Unconstrained build operations" [_thread_blocked, id=28060, stack(0x000000a958d00000,0x000000a958e00000)]
  0x0000027717167290 JavaThread "Unconstrained build operations Thread 2" [_thread_blocked, id=12712, stack(0x000000a958e00000,0x000000a958f00000)]
  0x0000027717169d10 JavaThread "Unconstrained build operations Thread 3" [_thread_blocked, id=37936, stack(0x000000a958f00000,0x000000a959000000)]
  0x000002771716ecc0 JavaThread "Unconstrained build operations Thread 4" [_thread_blocked, id=15356, stack(0x000000a959000000,0x000000a959100000)]
  0x000002771716a7b0 JavaThread "Unconstrained build operations Thread 5" [_thread_blocked, id=33044, stack(0x000000a959100000,0x000000a959200000)]
  0x000002771716c240 JavaThread "Unconstrained build operations Thread 6" [_thread_blocked, id=38400, stack(0x000000a959200000,0x000000a959300000)]
  0x000002771716cce0 JavaThread "Unconstrained build operations Thread 7" [_thread_blocked, id=22664, stack(0x000000a959300000,0x000000a959400000)]
  0x000002771716d230 JavaThread "Unconstrained build operations Thread 8" [_thread_blocked, id=16496, stack(0x000000a959400000,0x000000a959500000)]
  0x000002771716dcd0 JavaThread "Unconstrained build operations Thread 9" [_thread_blocked, id=23240, stack(0x000000a959500000,0x000000a959600000)]
  0x000002771716ad00 JavaThread "Unconstrained build operations Thread 10" [_thread_blocked, id=14616, stack(0x000000a959600000,0x000000a959700000)]
  0x000002771716b250 JavaThread "Unconstrained build operations Thread 11" [_thread_blocked, id=1204, stack(0x000000a959700000,0x000000a959800000)]
  0x000002771716bcf0 JavaThread "Unconstrained build operations Thread 12" [_thread_blocked, id=43900, stack(0x000000a959800000,0x000000a959900000)]
  0x000002771716d780 JavaThread "Unconstrained build operations Thread 13" [_thread_blocked, id=26612, stack(0x000000a959900000,0x000000a959a00000)]
  0x000002771716f210 JavaThread "Unconstrained build operations Thread 14" [_thread_blocked, id=26576, stack(0x000000a959a00000,0x000000a959b00000)]
  0x00000277171697c0 JavaThread "Unconstrained build operations Thread 15" [_thread_blocked, id=32560, stack(0x000000a959b00000,0x000000a959c00000)]
  0x0000027717167d30 JavaThread "Unconstrained build operations Thread 16" [_thread_blocked, id=23480, stack(0x000000a959c00000,0x000000a959d00000)]
  0x0000027717169270 JavaThread "Unconstrained build operations Thread 17" [_thread_blocked, id=21856, stack(0x000000a959d00000,0x000000a959e00000)]
  0x000002771716fcb0 JavaThread "Unconstrained build operations Thread 18" [_thread_blocked, id=1596, stack(0x000000a959e00000,0x000000a959f00000)]
  0x0000027717168280 JavaThread "Unconstrained build operations Thread 19" [_thread_blocked, id=33476, stack(0x000000a959f00000,0x000000a95a000000)]
  0x0000027717174710 JavaThread "Unconstrained build operations Thread 20" [_thread_blocked, id=25336, stack(0x000000a95a000000,0x000000a95a100000)]
  0x0000027717175700 JavaThread "Unconstrained build operations Thread 21" [_thread_blocked, id=5264, stack(0x000000a95a100000,0x000000a95a200000)]
  0x00000277171751b0 JavaThread "Unconstrained build operations Thread 22" [_thread_blocked, id=5832, stack(0x000000a95a200000,0x000000a95a300000)]
  0x00000277171731d0 JavaThread "build event listener" [_thread_blocked, id=38920, stack(0x000000a95a300000,0x000000a95a400000)]

Other Threads:
  0x00000276fbcf4750 VMThread "VM Thread" [stack: 0x000000a955600000,0x000000a955700000] [id=33092]
  0x00000276e8316020 WatcherThread "VM Periodic Task Thread" [stack: 0x000000a956100000,0x000000a956200000] [id=17760]
  0x00000276e83c9530 WorkerThread "GC Thread#0" [stack: 0x000000a955100000,0x000000a955200000] [id=22148]
  0x00000276feaf8040 WorkerThread "GC Thread#1" [stack: 0x000000a956300000,0x000000a956400000] [id=13020]
  0x00000276fedb3930 WorkerThread "GC Thread#2" [stack: 0x000000a956400000,0x000000a956500000] [id=31752]
  0x00000276fedb4470 WorkerThread "GC Thread#3" [stack: 0x000000a956500000,0x000000a956600000] [id=25768]
  0x00000276fedb2df0 WorkerThread "GC Thread#4" [stack: 0x000000a956600000,0x000000a956700000] [id=25128]
  0x00000276fedb3ed0 WorkerThread "GC Thread#5" [stack: 0x000000a956700000,0x000000a956800000] [id=14988]
  0x000002770029f4c0 WorkerThread "GC Thread#6" [stack: 0x000000a957100000,0x000000a957200000] [id=2704]
  0x00000277002a1c20 WorkerThread "GC Thread#7" [stack: 0x000000a957200000,0x000000a957300000] [id=38036]
  0x00000277002a0b40 WorkerThread "GC Thread#8" [stack: 0x000000a957300000,0x000000a957400000] [id=32208]
  0x00000277002a0000 WorkerThread "GC Thread#9" [stack: 0x000000a957400000,0x000000a957500000] [id=20680]
  0x00000276e83ce0f0 ConcurrentGCThread "G1 Main Marker" [stack: 0x000000a955200000,0x000000a955300000] [id=21576]
  0x00000276e83cea30 WorkerThread "G1 Conc#0" [stack: 0x000000a955300000,0x000000a955400000] [id=42772]
  0x00000277002a1680 WorkerThread "G1 Conc#1" [stack: 0x000000a957800000,0x000000a957900000] [id=22912]
  0x00000277002a1950 WorkerThread "G1 Conc#2" [stack: 0x000000a957900000,0x000000a957a00000] [id=24732]
  0x00000276fbbb0760 ConcurrentGCThread "G1 Refine#0" [stack: 0x000000a955400000,0x000000a955500000] [id=34440]
  0x00000276fbbb1110 ConcurrentGCThread "G1 Service" [stack: 0x000000a955500000,0x000000a955600000] [id=31852]

Threads with active compile tasks:
C2 CompilerThread0  2765820 31366   !   4       java.util.Formatter::format (287 bytes)

VM state: not at safepoint (normal execution)

VM Mutex/Monitor currently owned by a thread: None

Heap address: 0x0000000600000000, size: 8192 MB, Compressed Oops mode: Zero based, Oop shift amount: 3

CDS archive(s) mapped at: [0x00000276a0000000-0x00000276a0c60000-0x00000276a0c60000), size 12976128, SharedBaseAddress: 0x00000276a0000000, ArchiveRelocationMode: 1.
Compressed class space mapped at: 0x00000276a1000000-0x00000276e1000000, reserved size: 1073741824
Narrow klass base: 0x00000276a0000000, Narrow klass shift: 0, Narrow klass range: 0x100000000

GC Precious Log:
 CardTable entry size: 512
 Card Set container configuration: InlinePtr #cards 4 size 8 Array Of Cards #cards 32 size 80 Howl #buckets 8 coarsen threshold 7372 Howl Bitmap #cards 1024 size 144 coarsen threshold 921 Card regions per heap region 1 cards per card region 8192
 CPUs: 12 total, 12 available
 Memory: 5996M
 Large Page Support: Disabled
 NUMA Support: Disabled
 Compressed Oops: Enabled (Zero based)
 Heap Region Size: 4M
 Heap Min Capacity: 8M
 Heap Initial Capacity: 96M
 Heap Max Capacity: 8G
 Pre-touch: Disabled
 Parallel Workers: 10
 Concurrent Workers: 3
 Concurrent Refinement Workers: 10
 Periodic GC: Disabled

Heap:
 garbage-first heap   total 1269760K, used 697102K [0x0000000600000000, 0x0000000800000000)
  region size 4096K, 87 young (356352K), 2 survivors (8192K)
 Metaspace       used 187053K, committed 190592K, reserved 1245184K
  class space    used 24309K, committed 26048K, reserved 1048576K

Heap Regions: E=young(eden), S=young(survivor), O=old, HS=humongous(starts), HC=humongous(continues), CS=collection set, F=free, OA=open archive, CA=closed archive, TAMS=top-at-mark-start, PB=parsable bottom
|   0|0x0000000600000000, 0x0000000600400000, 0x0000000600400000|100%|HS|  |TAMS 0x0000000600000000| PB 0x0000000600000000| Complete 
|   1|0x0000000600400000, 0x0000000600800000, 0x0000000600800000|100%| O|  |TAMS 0x0000000600400000| PB 0x0000000600400000| Untracked 
|   2|0x0000000600800000, 0x0000000600c00000, 0x0000000600c00000|100%| O|  |TAMS 0x0000000600800000| PB 0x0000000600800000| Untracked 
|   3|0x0000000600c00000, 0x0000000601000000, 0x0000000601000000|100%| O|  |TAMS 0x0000000600c00000| PB 0x0000000600c00000| Untracked 
|   4|0x0000000601000000, 0x0000000601400000, 0x0000000601400000|100%| O|  |TAMS 0x0000000601000000| PB 0x0000000601000000| Untracked 
|   5|0x0000000601400000, 0x0000000601800000, 0x0000000601800000|100%| O|  |TAMS 0x0000000601400000| PB 0x0000000601400000| Untracked 
|   6|0x0000000601800000, 0x0000000601c00000, 0x0000000601c00000|100%| O|  |TAMS 0x0000000601800000| PB 0x0000000601800000| Untracked 
|   7|0x0000000601c00000, 0x0000000602000000, 0x0000000602000000|100%| O|  |TAMS 0x0000000601c00000| PB 0x0000000601c00000| Untracked 
|   8|0x0000000602000000, 0x0000000602400000, 0x0000000602400000|100%| O|  |TAMS 0x0000000602000000| PB 0x0000000602000000| Untracked 
|   9|0x0000000602400000, 0x0000000602800000, 0x0000000602800000|100%|HS|  |TAMS 0x0000000602400000| PB 0x0000000602400000| Complete 
|  10|0x0000000602800000, 0x0000000602c00000, 0x0000000602c00000|100%| O|  |TAMS 0x0000000602800000| PB 0x0000000602800000| Untracked 
|  11|0x0000000602c00000, 0x0000000603000000, 0x0000000603000000|100%|HS|  |TAMS 0x0000000602c00000| PB 0x0000000602c00000| Complete 
|  12|0x0000000603000000, 0x0000000603400000, 0x0000000603400000|100%| O|  |TAMS 0x0000000603000000| PB 0x0000000603000000| Untracked 
|  13|0x0000000603400000, 0x0000000603800000, 0x0000000603800000|100%| O|  |TAMS 0x0000000603400000| PB 0x0000000603400000| Untracked 
|  14|0x0000000603800000, 0x0000000603c00000, 0x0000000603c00000|100%| O|  |TAMS 0x0000000603800000| PB 0x0000000603800000| Untracked 
|  15|0x0000000603c00000, 0x0000000604000000, 0x0000000604000000|100%| O|  |TAMS 0x0000000603c00000| PB 0x0000000603c00000| Untracked 
|  16|0x0000000604000000, 0x0000000604400000, 0x0000000604400000|100%| O|  |TAMS 0x0000000604000000| PB 0x0000000604000000| Complete 
|  17|0x0000000604400000, 0x0000000604800000, 0x0000000604800000|100%| O|  |TAMS 0x0000000604400000| PB 0x0000000604400000| Untracked 
|  18|0x0000000604800000, 0x0000000604c00000, 0x0000000604c00000|100%| O|  |TAMS 0x0000000604800000| PB 0x0000000604800000| Untracked 
|  19|0x0000000604c00000, 0x0000000605000000, 0x0000000605000000|100%| O|  |TAMS 0x0000000604c00000| PB 0x0000000604c00000| Untracked 
|  20|0x0000000605000000, 0x0000000605400000, 0x0000000605400000|100%| O|  |TAMS 0x0000000605000000| PB 0x0000000605000000| Untracked 
|  21|0x0000000605400000, 0x0000000605800000, 0x0000000605800000|100%| O|  |TAMS 0x0000000605400000| PB 0x0000000605400000| Untracked 
|  22|0x0000000605800000, 0x0000000605c00000, 0x0000000605c00000|100%| O|  |TAMS 0x0000000605800000| PB 0x0000000605800000| Untracked 
|  23|0x0000000605c00000, 0x0000000606000000, 0x0000000606000000|100%| O|  |TAMS 0x0000000605c00000| PB 0x0000000605c00000| Complete 
|  24|0x0000000606000000, 0x0000000606400000, 0x0000000606400000|100%| O|  |TAMS 0x0000000606000000| PB 0x0000000606000000| Untracked 
|  25|0x0000000606400000, 0x0000000606800000, 0x0000000606800000|100%| O|  |TAMS 0x0000000606400000| PB 0x0000000606400000| Untracked 
|  26|0x0000000606800000, 0x0000000606c00000, 0x0000000606c00000|100%| O|  |TAMS 0x0000000606800000| PB 0x0000000606800000| Untracked 
|  27|0x0000000606c00000, 0x0000000607000000, 0x0000000607000000|100%| O|  |TAMS 0x0000000606c00000| PB 0x0000000606c00000| Untracked 
|  28|0x0000000607000000, 0x0000000607400000, 0x0000000607400000|100%| O|  |TAMS 0x0000000607000000| PB 0x0000000607000000| Untracked 
|  29|0x0000000607400000, 0x0000000607800000, 0x0000000607800000|100%| O|  |TAMS 0x0000000607400000| PB 0x0000000607400000| Untracked 
|  30|0x0000000607800000, 0x0000000607c00000, 0x0000000607c00000|100%| O|  |TAMS 0x0000000607800000| PB 0x0000000607800000| Untracked 
|  31|0x0000000607c00000, 0x0000000608000000, 0x0000000608000000|100%| O|  |TAMS 0x0000000607c00000| PB 0x0000000607c00000| Complete 
|  32|0x0000000608000000, 0x0000000608400000, 0x0000000608400000|100%| O|  |TAMS 0x0000000608000000| PB 0x0000000608000000| Untracked 
|  33|0x0000000608400000, 0x0000000608800000, 0x0000000608800000|100%| O|  |TAMS 0x0000000608400000| PB 0x0000000608400000| Untracked 
|  34|0x0000000608800000, 0x0000000608c00000, 0x0000000608c00000|100%| O|  |TAMS 0x0000000608800000| PB 0x0000000608800000| Untracked 
|  35|0x0000000608c00000, 0x0000000609000000, 0x0000000609000000|100%| O|  |TAMS 0x0000000608c00000| PB 0x0000000608c00000| Untracked 
|  36|0x0000000609000000, 0x0000000609400000, 0x0000000609400000|100%| O|  |TAMS 0x0000000609000000| PB 0x0000000609000000| Untracked 
|  37|0x0000000609400000, 0x0000000609800000, 0x0000000609800000|100%| O|  |TAMS 0x0000000609400000| PB 0x0000000609400000| Untracked 
|  38|0x0000000609800000, 0x0000000609c00000, 0x0000000609c00000|100%| O|  |TAMS 0x0000000609800000| PB 0x0000000609800000| Untracked 
|  39|0x0000000609c00000, 0x000000060a000000, 0x000000060a000000|100%| O|  |TAMS 0x0000000609c00000| PB 0x0000000609c00000| Untracked 
|  40|0x000000060a000000, 0x000000060a400000, 0x000000060a400000|100%| O|  |TAMS 0x000000060a000000| PB 0x000000060a000000| Untracked 
|  41|0x000000060a400000, 0x000000060a800000, 0x000000060a800000|100%| O|  |TAMS 0x000000060a400000| PB 0x000000060a400000| Untracked 
|  42|0x000000060a800000, 0x000000060ac00000, 0x000000060ac00000|100%| O|  |TAMS 0x000000060a800000| PB 0x000000060a800000| Complete 
|  43|0x000000060ac00000, 0x000000060b000000, 0x000000060b000000|100%| O|  |TAMS 0x000000060ac00000| PB 0x000000060ac00000| Complete 
|  44|0x000000060b000000, 0x000000060b400000, 0x000000060b400000|100%| O|  |TAMS 0x000000060b000000| PB 0x000000060b000000| Complete 
|  45|0x000000060b400000, 0x000000060b800000, 0x000000060b800000|100%| O|  |TAMS 0x000000060b400000| PB 0x000000060b400000| Untracked 
|  46|0x000000060b800000, 0x000000060b800000, 0x000000060bc00000|  0%| F|  |TAMS 0x000000060b800000| PB 0x000000060b800000| Untracked 
|  47|0x000000060bc00000, 0x000000060c000000, 0x000000060c000000|100%| O|  |TAMS 0x000000060bc00000| PB 0x000000060bc00000| Untracked 
|  48|0x000000060c000000, 0x000000060c400000, 0x000000060c400000|100%| O|  |TAMS 0x000000060c000000| PB 0x000000060c000000| Untracked 
|  49|0x000000060c400000, 0x000000060c800000, 0x000000060c800000|100%| O|  |TAMS 0x000000060c400000| PB 0x000000060c400000| Untracked 
|  50|0x000000060c800000, 0x000000060cc00000, 0x000000060cc00000|100%| O|  |TAMS 0x000000060c800000| PB 0x000000060c800000| Untracked 
|  51|0x000000060cc00000, 0x000000060d000000, 0x000000060d000000|100%| O|  |TAMS 0x000000060cc00000| PB 0x000000060cc00000| Untracked 
|  52|0x000000060d000000, 0x000000060d000000, 0x000000060d400000|  0%| F|  |TAMS 0x000000060d000000| PB 0x000000060d000000| Untracked 
|  53|0x000000060d400000, 0x000000060d400000, 0x000000060d800000|  0%| F|  |TAMS 0x000000060d400000| PB 0x000000060d400000| Untracked 
|  54|0x000000060d800000, 0x000000060dc00000, 0x000000060dc00000|100%| O|  |TAMS 0x000000060d800000| PB 0x000000060d800000| Untracked 
|  55|0x000000060dc00000, 0x000000060e000000, 0x000000060e000000|100%| O|  |TAMS 0x000000060dc00000| PB 0x000000060dc00000| Untracked 
|  56|0x000000060e000000, 0x000000060e400000, 0x000000060e400000|100%| O|  |TAMS 0x000000060e000000| PB 0x000000060e000000| Untracked 
|  57|0x000000060e400000, 0x000000060e800000, 0x000000060e800000|100%| O|  |TAMS 0x000000060e400000| PB 0x000000060e400000| Untracked 
|  58|0x000000060e800000, 0x000000060ec00000, 0x000000060ec00000|100%| O|  |TAMS 0x000000060e800000| PB 0x000000060e800000| Untracked 
|  59|0x000000060ec00000, 0x000000060f000000, 0x000000060f000000|100%| O|  |TAMS 0x000000060ec00000| PB 0x000000060ec00000| Untracked 
|  60|0x000000060f000000, 0x000000060f400000, 0x000000060f400000|100%| O|  |TAMS 0x000000060f000000| PB 0x000000060f000000| Untracked 
|  61|0x000000060f400000, 0x000000060f800000, 0x000000060f800000|100%| O|  |TAMS 0x000000060f400000| PB 0x000000060f400000| Untracked 
|  62|0x000000060f800000, 0x000000060fc00000, 0x000000060fc00000|100%| O|  |TAMS 0x000000060f800000| PB 0x000000060f800000| Untracked 
|  63|0x000000060fc00000, 0x0000000610000000, 0x0000000610000000|100%| O|  |TAMS 0x000000060fc00000| PB 0x000000060fc00000| Untracked 
|  64|0x0000000610000000, 0x0000000610400000, 0x0000000610400000|100%| O|  |TAMS 0x0000000610000000| PB 0x0000000610000000| Untracked 
|  65|0x0000000610400000, 0x0000000610800000, 0x0000000610800000|100%| O|  |TAMS 0x0000000610400000| PB 0x0000000610400000| Untracked 
|  66|0x0000000610800000, 0x0000000610c00000, 0x0000000610c00000|100%| O|  |TAMS 0x0000000610800000| PB 0x0000000610800000| Untracked 
|  67|0x0000000610c00000, 0x0000000611000000, 0x0000000611000000|100%| O|  |TAMS 0x0000000610c00000| PB 0x0000000610c00000| Untracked 
|  68|0x0000000611000000, 0x0000000611400000, 0x0000000611400000|100%| O|  |TAMS 0x0000000611000000| PB 0x0000000611000000| Untracked 
|  69|0x0000000611400000, 0x0000000611800000, 0x0000000611800000|100%| O|  |TAMS 0x0000000611400000| PB 0x0000000611400000| Complete 
|  70|0x0000000611800000, 0x0000000611c00000, 0x0000000611c00000|100%| O|  |TAMS 0x0000000611800000| PB 0x0000000611800000| Untracked 
|  71|0x0000000611c00000, 0x0000000612000000, 0x0000000612000000|100%| O|  |TAMS 0x0000000611c00000| PB 0x0000000611c00000| Untracked 
|  72|0x0000000612000000, 0x0000000612400000, 0x0000000612400000|100%| O|  |TAMS 0x0000000612000000| PB 0x0000000612000000| Untracked 
|  73|0x0000000612400000, 0x0000000612800000, 0x0000000612800000|100%| O|  |TAMS 0x0000000612400000| PB 0x0000000612400000| Untracked 
|  74|0x0000000612800000, 0x0000000612c00000, 0x0000000612c00000|100%| O|  |TAMS 0x0000000612800000| PB 0x0000000612800000| Untracked 
|  75|0x0000000612c00000, 0x0000000613000000, 0x0000000613000000|100%| O|  |TAMS 0x0000000612c00000| PB 0x0000000612c00000| Untracked 
|  76|0x0000000613000000, 0x0000000613400000, 0x0000000613400000|100%| O|  |TAMS 0x0000000613000000| PB 0x0000000613000000| Untracked 
|  77|0x0000000613400000, 0x0000000613800000, 0x0000000613800000|100%| O|  |TAMS 0x0000000613400000| PB 0x0000000613400000| Untracked 
|  78|0x0000000613800000, 0x0000000613c00000, 0x0000000613c00000|100%| O|  |TAMS 0x0000000613800000| PB 0x0000000613800000| Untracked 
|  79|0x0000000613c00000, 0x0000000614000000, 0x0000000614000000|100%| O|  |TAMS 0x0000000613c00000| PB 0x0000000613c00000| Untracked 
|  80|0x0000000614000000, 0x0000000614400000, 0x0000000614400000|100%| O|  |TAMS 0x0000000614000000| PB 0x0000000614000000| Untracked 
|  81|0x0000000614400000, 0x0000000614800000, 0x0000000614800000|100%| O|  |TAMS 0x0000000614400000| PB 0x0000000614400000| Untracked 
|  82|0x0000000614800000, 0x0000000614c00000, 0x0000000614c00000|100%| O|  |TAMS 0x0000000614800000| PB 0x0000000614800000| Untracked 
|  83|0x0000000614c00000, 0x0000000614f5ba00, 0x0000000615000000| 83%| O|  |TAMS 0x0000000614c00000| PB 0x0000000614c00000| Untracked 
|  84|0x0000000615000000, 0x0000000615000000, 0x0000000615400000|  0%| F|  |TAMS 0x0000000615000000| PB 0x0000000615000000| Untracked 
|  85|0x0000000615400000, 0x0000000615400000, 0x0000000615800000|  0%| F|  |TAMS 0x0000000615400000| PB 0x0000000615400000| Untracked 
|  86|0x0000000615800000, 0x0000000615800000, 0x0000000615c00000|  0%| F|  |TAMS 0x0000000615800000| PB 0x0000000615800000| Untracked 
|  87|0x0000000615c00000, 0x0000000615c00000, 0x0000000616000000|  0%| F|  |TAMS 0x0000000615c00000| PB 0x0000000615c00000| Untracked 
|  88|0x0000000616000000, 0x0000000616000000, 0x0000000616400000|  0%| F|  |TAMS 0x0000000616000000| PB 0x0000000616000000| Untracked 
|  89|0x0000000616400000, 0x0000000616400000, 0x0000000616800000|  0%| F|  |TAMS 0x0000000616400000| PB 0x0000000616400000| Untracked 
|  90|0x0000000616800000, 0x0000000616800000, 0x0000000616c00000|  0%| F|  |TAMS 0x0000000616800000| PB 0x0000000616800000| Untracked 
|  91|0x0000000616c00000, 0x0000000616c00000, 0x0000000617000000|  0%| F|  |TAMS 0x0000000616c00000| PB 0x0000000616c00000| Untracked 
|  92|0x0000000617000000, 0x0000000617000000, 0x0000000617400000|  0%| F|  |TAMS 0x0000000617000000| PB 0x0000000617000000| Untracked 
|  93|0x0000000617400000, 0x0000000617400000, 0x0000000617800000|  0%| F|  |TAMS 0x0000000617400000| PB 0x0000000617400000| Untracked 
|  94|0x0000000617800000, 0x0000000617800000, 0x0000000617c00000|  0%| F|  |TAMS 0x0000000617800000| PB 0x0000000617800000| Untracked 
|  95|0x0000000617c00000, 0x0000000617c00000, 0x0000000618000000|  0%| F|  |TAMS 0x0000000617c00000| PB 0x0000000617c00000| Untracked 
|  96|0x0000000618000000, 0x0000000618000000, 0x0000000618400000|  0%| F|  |TAMS 0x0000000618000000| PB 0x0000000618000000| Untracked 
|  97|0x0000000618400000, 0x0000000618400000, 0x0000000618800000|  0%| F|  |TAMS 0x0000000618400000| PB 0x0000000618400000| Untracked 
|  98|0x0000000618800000, 0x0000000618800000, 0x0000000618c00000|  0%| F|  |TAMS 0x0000000618800000| PB 0x0000000618800000| Untracked 
|  99|0x0000000618c00000, 0x0000000618c00000, 0x0000000619000000|  0%| F|  |TAMS 0x0000000618c00000| PB 0x0000000618c00000| Untracked 
| 100|0x0000000619000000, 0x0000000619000000, 0x0000000619400000|  0%| F|  |TAMS 0x0000000619000000| PB 0x0000000619000000| Untracked 
| 101|0x0000000619400000, 0x0000000619400000, 0x0000000619800000|  0%| F|  |TAMS 0x0000000619400000| PB 0x0000000619400000| Untracked 
| 102|0x0000000619800000, 0x0000000619800000, 0x0000000619c00000|  0%| F|  |TAMS 0x0000000619800000| PB 0x0000000619800000| Untracked 
| 103|0x0000000619c00000, 0x0000000619c00000, 0x000000061a000000|  0%| F|  |TAMS 0x0000000619c00000| PB 0x0000000619c00000| Untracked 
| 104|0x000000061a000000, 0x000000061a000000, 0x000000061a400000|  0%| F|  |TAMS 0x000000061a000000| PB 0x000000061a000000| Untracked 
| 105|0x000000061a400000, 0x000000061a400000, 0x000000061a800000|  0%| F|  |TAMS 0x000000061a400000| PB 0x000000061a400000| Untracked 
| 106|0x000000061a800000, 0x000000061a800000, 0x000000061ac00000|  0%| F|  |TAMS 0x000000061a800000| PB 0x000000061a800000| Untracked 
| 107|0x000000061ac00000, 0x000000061ac00000, 0x000000061b000000|  0%| F|  |TAMS 0x000000061ac00000| PB 0x000000061ac00000| Untracked 
| 108|0x000000061b000000, 0x000000061b000000, 0x000000061b400000|  0%| F|  |TAMS 0x000000061b000000| PB 0x000000061b000000| Untracked 
| 109|0x000000061b400000, 0x000000061b400000, 0x000000061b800000|  0%| F|  |TAMS 0x000000061b400000| PB 0x000000061b400000| Untracked 
| 110|0x000000061b800000, 0x000000061b800000, 0x000000061bc00000|  0%| F|  |TAMS 0x000000061b800000| PB 0x000000061b800000| Untracked 
| 111|0x000000061bc00000, 0x000000061bc00000, 0x000000061c000000|  0%| F|  |TAMS 0x000000061bc00000| PB 0x000000061bc00000| Untracked 
| 112|0x000000061c000000, 0x000000061c000000, 0x000000061c400000|  0%| F|  |TAMS 0x000000061c000000| PB 0x000000061c000000| Untracked 
| 113|0x000000061c400000, 0x000000061c400000, 0x000000061c800000|  0%| F|  |TAMS 0x000000061c400000| PB 0x000000061c400000| Untracked 
| 114|0x000000061c800000, 0x000000061c800000, 0x000000061cc00000|  0%| F|  |TAMS 0x000000061c800000| PB 0x000000061c800000| Untracked 
| 115|0x000000061cc00000, 0x000000061cc00000, 0x000000061d000000|  0%| F|  |TAMS 0x000000061cc00000| PB 0x000000061cc00000| Untracked 
| 116|0x000000061d000000, 0x000000061d000000, 0x000000061d400000|  0%| F|  |TAMS 0x000000061d000000| PB 0x000000061d000000| Untracked 
| 117|0x000000061d400000, 0x000000061d400000, 0x000000061d800000|  0%| F|  |TAMS 0x000000061d400000| PB 0x000000061d400000| Untracked 
| 118|0x000000061d800000, 0x000000061d800000, 0x000000061dc00000|  0%| F|  |TAMS 0x000000061d800000| PB 0x000000061d800000| Untracked 
| 119|0x000000061dc00000, 0x000000061dc00000, 0x000000061e000000|  0%| F|  |TAMS 0x000000061dc00000| PB 0x000000061dc00000| Untracked 
| 120|0x000000061e000000, 0x000000061e000000, 0x000000061e400000|  0%| F|  |TAMS 0x000000061e000000| PB 0x000000061e000000| Untracked 
| 121|0x000000061e400000, 0x000000061e400000, 0x000000061e800000|  0%| F|  |TAMS 0x000000061e400000| PB 0x000000061e400000| Untracked 
| 122|0x000000061e800000, 0x000000061e800000, 0x000000061ec00000|  0%| F|  |TAMS 0x000000061e800000| PB 0x000000061e800000| Untracked 
| 123|0x000000061ec00000, 0x000000061ec00000, 0x000000061f000000|  0%| F|  |TAMS 0x000000061ec00000| PB 0x000000061ec00000| Untracked 
| 124|0x000000061f000000, 0x000000061f000000, 0x000000061f400000|  0%| F|  |TAMS 0x000000061f000000| PB 0x000000061f000000| Untracked 
| 125|0x000000061f400000, 0x000000061f400000, 0x000000061f800000|  0%| F|  |TAMS 0x000000061f400000| PB 0x000000061f400000| Untracked 
| 126|0x000000061f800000, 0x000000061f800000, 0x000000061fc00000|  0%| F|  |TAMS 0x000000061f800000| PB 0x000000061f800000| Untracked 
| 127|0x000000061fc00000, 0x000000061fc00000, 0x0000000620000000|  0%| F|  |TAMS 0x000000061fc00000| PB 0x000000061fc00000| Untracked 
| 128|0x0000000620000000, 0x0000000620000000, 0x0000000620400000|  0%| F|  |TAMS 0x0000000620000000| PB 0x0000000620000000| Untracked 
| 129|0x0000000620400000, 0x0000000620400000, 0x0000000620800000|  0%| F|  |TAMS 0x0000000620400000| PB 0x0000000620400000| Untracked 
| 130|0x0000000620800000, 0x0000000620800000, 0x0000000620c00000|  0%| F|  |TAMS 0x0000000620800000| PB 0x0000000620800000| Untracked 
| 131|0x0000000620c00000, 0x0000000620c00000, 0x0000000621000000|  0%| F|  |TAMS 0x0000000620c00000| PB 0x0000000620c00000| Untracked 
| 132|0x0000000621000000, 0x0000000621000000, 0x0000000621400000|  0%| F|  |TAMS 0x0000000621000000| PB 0x0000000621000000| Untracked 
| 133|0x0000000621400000, 0x0000000621400000, 0x0000000621800000|  0%| F|  |TAMS 0x0000000621400000| PB 0x0000000621400000| Untracked 
| 134|0x0000000621800000, 0x0000000621800000, 0x0000000621c00000|  0%| F|  |TAMS 0x0000000621800000| PB 0x0000000621800000| Untracked 
| 135|0x0000000621c00000, 0x0000000621c00000, 0x0000000622000000|  0%| F|  |TAMS 0x0000000621c00000| PB 0x0000000621c00000| Untracked 
| 136|0x0000000622000000, 0x0000000622000000, 0x0000000622400000|  0%| F|  |TAMS 0x0000000622000000| PB 0x0000000622000000| Untracked 
| 137|0x0000000622400000, 0x0000000622400000, 0x0000000622800000|  0%| F|  |TAMS 0x0000000622400000| PB 0x0000000622400000| Untracked 
| 138|0x0000000622800000, 0x0000000622800000, 0x0000000622c00000|  0%| F|  |TAMS 0x0000000622800000| PB 0x0000000622800000| Untracked 
| 139|0x0000000622c00000, 0x0000000622c00000, 0x0000000623000000|  0%| F|  |TAMS 0x0000000622c00000| PB 0x0000000622c00000| Untracked 
| 140|0x0000000623000000, 0x0000000623000000, 0x0000000623400000|  0%| F|  |TAMS 0x0000000623000000| PB 0x0000000623000000| Untracked 
| 141|0x0000000623400000, 0x0000000623400000, 0x0000000623800000|  0%| F|  |TAMS 0x0000000623400000| PB 0x0000000623400000| Untracked 
| 142|0x0000000623800000, 0x0000000623800000, 0x0000000623c00000|  0%| F|  |TAMS 0x0000000623800000| PB 0x0000000623800000| Untracked 
| 143|0x0000000623c00000, 0x0000000623c00000, 0x0000000624000000|  0%| F|  |TAMS 0x0000000623c00000| PB 0x0000000623c00000| Untracked 
| 144|0x0000000624000000, 0x0000000624000000, 0x0000000624400000|  0%| F|  |TAMS 0x0000000624000000| PB 0x0000000624000000| Untracked 
| 145|0x0000000624400000, 0x0000000624400000, 0x0000000624800000|  0%| F|  |TAMS 0x0000000624400000| PB 0x0000000624400000| Untracked 
| 146|0x0000000624800000, 0x0000000624800000, 0x0000000624c00000|  0%| F|  |TAMS 0x0000000624800000| PB 0x0000000624800000| Untracked 
| 147|0x0000000624c00000, 0x0000000624c00000, 0x0000000625000000|  0%| F|  |TAMS 0x0000000624c00000| PB 0x0000000624c00000| Untracked 
| 148|0x0000000625000000, 0x0000000625000000, 0x0000000625400000|  0%| F|  |TAMS 0x0000000625000000| PB 0x0000000625000000| Untracked 
| 149|0x0000000625400000, 0x0000000625400000, 0x0000000625800000|  0%| F|  |TAMS 0x0000000625400000| PB 0x0000000625400000| Untracked 
| 150|0x0000000625800000, 0x0000000625800000, 0x0000000625c00000|  0%| F|  |TAMS 0x0000000625800000| PB 0x0000000625800000| Untracked 
| 151|0x0000000625c00000, 0x0000000625c00000, 0x0000000626000000|  0%| F|  |TAMS 0x0000000625c00000| PB 0x0000000625c00000| Untracked 
| 152|0x0000000626000000, 0x0000000626000000, 0x0000000626400000|  0%| F|  |TAMS 0x0000000626000000| PB 0x0000000626000000| Untracked 
| 153|0x0000000626400000, 0x0000000626400000, 0x0000000626800000|  0%| F|  |TAMS 0x0000000626400000| PB 0x0000000626400000| Untracked 
| 154|0x0000000626800000, 0x0000000626800000, 0x0000000626c00000|  0%| F|  |TAMS 0x0000000626800000| PB 0x0000000626800000| Untracked 
| 155|0x0000000626c00000, 0x0000000626c00000, 0x0000000627000000|  0%| F|  |TAMS 0x0000000626c00000| PB 0x0000000626c00000| Untracked 
| 156|0x0000000627000000, 0x0000000627000000, 0x0000000627400000|  0%| F|  |TAMS 0x0000000627000000| PB 0x0000000627000000| Untracked 
| 157|0x0000000627400000, 0x0000000627400000, 0x0000000627800000|  0%| F|  |TAMS 0x0000000627400000| PB 0x0000000627400000| Untracked 
| 158|0x0000000627800000, 0x0000000627800000, 0x0000000627c00000|  0%| F|  |TAMS 0x0000000627800000| PB 0x0000000627800000| Untracked 
| 159|0x0000000627c00000, 0x0000000627c00000, 0x0000000628000000|  0%| F|  |TAMS 0x0000000627c00000| PB 0x0000000627c00000| Untracked 
| 160|0x0000000628000000, 0x0000000628000000, 0x0000000628400000|  0%| F|  |TAMS 0x0000000628000000| PB 0x0000000628000000| Untracked 
| 161|0x0000000628400000, 0x0000000628400000, 0x0000000628800000|  0%| F|  |TAMS 0x0000000628400000| PB 0x0000000628400000| Untracked 
| 162|0x0000000628800000, 0x0000000628800000, 0x0000000628c00000|  0%| F|  |TAMS 0x0000000628800000| PB 0x0000000628800000| Untracked 
| 163|0x0000000628c00000, 0x0000000628c00000, 0x0000000629000000|  0%| F|  |TAMS 0x0000000628c00000| PB 0x0000000628c00000| Untracked 
| 164|0x0000000629000000, 0x0000000629000000, 0x0000000629400000|  0%| F|  |TAMS 0x0000000629000000| PB 0x0000000629000000| Untracked 
| 165|0x0000000629400000, 0x0000000629400000, 0x0000000629800000|  0%| F|  |TAMS 0x0000000629400000| PB 0x0000000629400000| Untracked 
| 166|0x0000000629800000, 0x0000000629800000, 0x0000000629c00000|  0%| F|  |TAMS 0x0000000629800000| PB 0x0000000629800000| Untracked 
| 167|0x0000000629c00000, 0x0000000629c00000, 0x000000062a000000|  0%| F|  |TAMS 0x0000000629c00000| PB 0x0000000629c00000| Untracked 
| 168|0x000000062a000000, 0x000000062a000000, 0x000000062a400000|  0%| F|  |TAMS 0x000000062a000000| PB 0x000000062a000000| Untracked 
| 169|0x000000062a400000, 0x000000062a400000, 0x000000062a800000|  0%| F|  |TAMS 0x000000062a400000| PB 0x000000062a400000| Untracked 
| 170|0x000000062a800000, 0x000000062a800000, 0x000000062ac00000|  0%| F|  |TAMS 0x000000062a800000| PB 0x000000062a800000| Untracked 
| 171|0x000000062ac00000, 0x000000062ac00000, 0x000000062b000000|  0%| F|  |TAMS 0x000000062ac00000| PB 0x000000062ac00000| Untracked 
| 172|0x000000062b000000, 0x000000062b000000, 0x000000062b400000|  0%| F|  |TAMS 0x000000062b000000| PB 0x000000062b000000| Untracked 
| 173|0x000000062b400000, 0x000000062b400000, 0x000000062b800000|  0%| F|  |TAMS 0x000000062b400000| PB 0x000000062b400000| Untracked 
| 174|0x000000062b800000, 0x000000062b800000, 0x000000062bc00000|  0%| F|  |TAMS 0x000000062b800000| PB 0x000000062b800000| Untracked 
| 175|0x000000062bc00000, 0x000000062bc00000, 0x000000062c000000|  0%| F|  |TAMS 0x000000062bc00000| PB 0x000000062bc00000| Untracked 
| 176|0x000000062c000000, 0x000000062c000000, 0x000000062c400000|  0%| F|  |TAMS 0x000000062c000000| PB 0x000000062c000000| Untracked 
| 177|0x000000062c400000, 0x000000062c400000, 0x000000062c800000|  0%| F|  |TAMS 0x000000062c400000| PB 0x000000062c400000| Untracked 
| 178|0x000000062c800000, 0x000000062c800000, 0x000000062cc00000|  0%| F|  |TAMS 0x000000062c800000| PB 0x000000062c800000| Untracked 
| 179|0x000000062cc00000, 0x000000062cc00000, 0x000000062d000000|  0%| F|  |TAMS 0x000000062cc00000| PB 0x000000062cc00000| Untracked 
| 180|0x000000062d000000, 0x000000062d000000, 0x000000062d400000|  0%| F|  |TAMS 0x000000062d000000| PB 0x000000062d000000| Untracked 
| 181|0x000000062d400000, 0x000000062d400000, 0x000000062d800000|  0%| F|  |TAMS 0x000000062d400000| PB 0x000000062d400000| Untracked 
| 182|0x000000062d800000, 0x000000062d800000, 0x000000062dc00000|  0%| F|  |TAMS 0x000000062d800000| PB 0x000000062d800000| Untracked 
| 183|0x000000062dc00000, 0x000000062dc00000, 0x000000062e000000|  0%| F|  |TAMS 0x000000062dc00000| PB 0x000000062dc00000| Untracked 
| 184|0x000000062e000000, 0x000000062e000000, 0x000000062e400000|  0%| F|  |TAMS 0x000000062e000000| PB 0x000000062e000000| Untracked 
| 185|0x000000062e400000, 0x000000062e400000, 0x000000062e800000|  0%| F|  |TAMS 0x000000062e400000| PB 0x000000062e400000| Untracked 
| 186|0x000000062e800000, 0x000000062e800000, 0x000000062ec00000|  0%| F|  |TAMS 0x000000062e800000| PB 0x000000062e800000| Untracked 
| 187|0x000000062ec00000, 0x000000062ec00000, 0x000000062f000000|  0%| F|  |TAMS 0x000000062ec00000| PB 0x000000062ec00000| Untracked 
| 188|0x000000062f000000, 0x000000062f000000, 0x000000062f400000|  0%| F|  |TAMS 0x000000062f000000| PB 0x000000062f000000| Untracked 
| 189|0x000000062f400000, 0x000000062f400000, 0x000000062f800000|  0%| F|  |TAMS 0x000000062f400000| PB 0x000000062f400000| Untracked 
| 190|0x000000062f800000, 0x000000062f800000, 0x000000062fc00000|  0%| F|  |TAMS 0x000000062f800000| PB 0x000000062f800000| Untracked 
| 191|0x000000062fc00000, 0x000000062fc00000, 0x0000000630000000|  0%| F|  |TAMS 0x000000062fc00000| PB 0x000000062fc00000| Untracked 
| 192|0x0000000630000000, 0x0000000630000000, 0x0000000630400000|  0%| F|  |TAMS 0x0000000630000000| PB 0x0000000630000000| Untracked 
| 193|0x0000000630400000, 0x0000000630400000, 0x0000000630800000|  0%| F|  |TAMS 0x0000000630400000| PB 0x0000000630400000| Untracked 
| 194|0x0000000630800000, 0x0000000630800000, 0x0000000630c00000|  0%| F|  |TAMS 0x0000000630800000| PB 0x0000000630800000| Untracked 
| 195|0x0000000630c00000, 0x0000000630c00000, 0x0000000631000000|  0%| F|  |TAMS 0x0000000630c00000| PB 0x0000000630c00000| Untracked 
| 196|0x0000000631000000, 0x0000000631000000, 0x0000000631400000|  0%| F|  |TAMS 0x0000000631000000| PB 0x0000000631000000| Untracked 
| 197|0x0000000631400000, 0x0000000631400000, 0x0000000631800000|  0%| F|  |TAMS 0x0000000631400000| PB 0x0000000631400000| Untracked 
| 198|0x0000000631800000, 0x0000000631800000, 0x0000000631c00000|  0%| F|  |TAMS 0x0000000631800000| PB 0x0000000631800000| Untracked 
| 199|0x0000000631c00000, 0x0000000631c00000, 0x0000000632000000|  0%| F|  |TAMS 0x0000000631c00000| PB 0x0000000631c00000| Untracked 
| 200|0x0000000632000000, 0x0000000632000000, 0x0000000632400000|  0%| F|  |TAMS 0x0000000632000000| PB 0x0000000632000000| Untracked 
| 201|0x0000000632400000, 0x0000000632400000, 0x0000000632800000|  0%| F|  |TAMS 0x0000000632400000| PB 0x0000000632400000| Untracked 
| 202|0x0000000632800000, 0x0000000632800000, 0x0000000632c00000|  0%| F|  |TAMS 0x0000000632800000| PB 0x0000000632800000| Untracked 
| 203|0x0000000632c00000, 0x0000000632c00000, 0x0000000633000000|  0%| F|  |TAMS 0x0000000632c00000| PB 0x0000000632c00000| Untracked 
| 204|0x0000000633000000, 0x0000000633000000, 0x0000000633400000|  0%| F|  |TAMS 0x0000000633000000| PB 0x0000000633000000| Untracked 
| 205|0x0000000633400000, 0x0000000633400000, 0x0000000633800000|  0%| F|  |TAMS 0x0000000633400000| PB 0x0000000633400000| Untracked 
| 206|0x0000000633800000, 0x0000000633800000, 0x0000000633c00000|  0%| F|  |TAMS 0x0000000633800000| PB 0x0000000633800000| Untracked 
| 207|0x0000000633c00000, 0x0000000633c00000, 0x0000000634000000|  0%| F|  |TAMS 0x0000000633c00000| PB 0x0000000633c00000| Untracked 
| 208|0x0000000634000000, 0x0000000634000000, 0x0000000634400000|  0%| F|  |TAMS 0x0000000634000000| PB 0x0000000634000000| Untracked 
| 209|0x0000000634400000, 0x0000000634400000, 0x0000000634800000|  0%| F|  |TAMS 0x0000000634400000| PB 0x0000000634400000| Untracked 
| 210|0x0000000634800000, 0x0000000634800000, 0x0000000634c00000|  0%| F|  |TAMS 0x0000000634800000| PB 0x0000000634800000| Untracked 
| 211|0x0000000634c00000, 0x0000000634c00000, 0x0000000635000000|  0%| F|  |TAMS 0x0000000634c00000| PB 0x0000000634c00000| Untracked 
| 212|0x0000000635000000, 0x0000000635000000, 0x0000000635400000|  0%| F|  |TAMS 0x0000000635000000| PB 0x0000000635000000| Untracked 
| 213|0x0000000635400000, 0x0000000635400000, 0x0000000635800000|  0%| F|  |TAMS 0x0000000635400000| PB 0x0000000635400000| Untracked 
| 214|0x0000000635800000, 0x0000000635800000, 0x0000000635c00000|  0%| F|  |TAMS 0x0000000635800000| PB 0x0000000635800000| Untracked 
| 215|0x0000000635c00000, 0x0000000635c00000, 0x0000000636000000|  0%| F|  |TAMS 0x0000000635c00000| PB 0x0000000635c00000| Untracked 
| 216|0x0000000636000000, 0x0000000636000000, 0x0000000636400000|  0%| F|  |TAMS 0x0000000636000000| PB 0x0000000636000000| Untracked 
| 217|0x0000000636400000, 0x0000000636400000, 0x0000000636800000|  0%| F|  |TAMS 0x0000000636400000| PB 0x0000000636400000| Untracked 
| 218|0x0000000636800000, 0x0000000636800000, 0x0000000636c00000|  0%| F|  |TAMS 0x0000000636800000| PB 0x0000000636800000| Untracked 
| 219|0x0000000636c00000, 0x0000000636fbcc58, 0x0000000637000000| 93%| E|  |TAMS 0x0000000636c00000| PB 0x0000000636c00000| Complete 
| 220|0x0000000637000000, 0x0000000637400000, 0x0000000637400000|100%| E|CS|TAMS 0x0000000637000000| PB 0x0000000637000000| Complete 
| 221|0x0000000637400000, 0x0000000637800000, 0x0000000637800000|100%| E|CS|TAMS 0x0000000637400000| PB 0x0000000637400000| Complete 
| 222|0x0000000637800000, 0x0000000637c00000, 0x0000000637c00000|100%| E|CS|TAMS 0x0000000637800000| PB 0x0000000637800000| Complete 
| 223|0x0000000637c00000, 0x0000000638000000, 0x0000000638000000|100%| E|CS|TAMS 0x0000000637c00000| PB 0x0000000637c00000| Complete 
| 224|0x0000000638000000, 0x0000000638400000, 0x0000000638400000|100%| E|CS|TAMS 0x0000000638000000| PB 0x0000000638000000| Complete 
| 225|0x0000000638400000, 0x0000000638800000, 0x0000000638800000|100%| E|CS|TAMS 0x0000000638400000| PB 0x0000000638400000| Complete 
| 226|0x0000000638800000, 0x0000000638c00000, 0x0000000638c00000|100%| E|CS|TAMS 0x0000000638800000| PB 0x0000000638800000| Complete 
| 227|0x0000000638c00000, 0x0000000639000000, 0x0000000639000000|100%| E|CS|TAMS 0x0000000638c00000| PB 0x0000000638c00000| Complete 
| 228|0x0000000639000000, 0x0000000639400000, 0x0000000639400000|100%| E|CS|TAMS 0x0000000639000000| PB 0x0000000639000000| Complete 
| 229|0x0000000639400000, 0x0000000639800000, 0x0000000639800000|100%| E|CS|TAMS 0x0000000639400000| PB 0x0000000639400000| Complete 
| 230|0x0000000639800000, 0x0000000639c00000, 0x0000000639c00000|100%| E|CS|TAMS 0x0000000639800000| PB 0x0000000639800000| Complete 
| 231|0x0000000639c00000, 0x000000063a000000, 0x000000063a000000|100%| E|CS|TAMS 0x0000000639c00000| PB 0x0000000639c00000| Complete 
| 232|0x000000063a000000, 0x000000063a400000, 0x000000063a400000|100%| E|CS|TAMS 0x000000063a000000| PB 0x000000063a000000| Complete 
| 233|0x000000063a400000, 0x000000063a800000, 0x000000063a800000|100%| E|CS|TAMS 0x000000063a400000| PB 0x000000063a400000| Complete 
| 234|0x000000063a800000, 0x000000063ac00000, 0x000000063ac00000|100%| E|CS|TAMS 0x000000063a800000| PB 0x000000063a800000| Complete 
| 235|0x000000063ac00000, 0x000000063b000000, 0x000000063b000000|100%| E|CS|TAMS 0x000000063ac00000| PB 0x000000063ac00000| Complete 
| 236|0x000000063b000000, 0x000000063b400000, 0x000000063b400000|100%| E|CS|TAMS 0x000000063b000000| PB 0x000000063b000000| Complete 
| 237|0x000000063b400000, 0x000000063b800000, 0x000000063b800000|100%| E|CS|TAMS 0x000000063b400000| PB 0x000000063b400000| Complete 
| 238|0x000000063b800000, 0x000000063bc00000, 0x000000063bc00000|100%| E|CS|TAMS 0x000000063b800000| PB 0x000000063b800000| Complete 
| 239|0x000000063bc00000, 0x000000063c000000, 0x000000063c000000|100%| E|CS|TAMS 0x000000063bc00000| PB 0x000000063bc00000| Complete 
| 240|0x000000063c000000, 0x000000063c400000, 0x000000063c400000|100%| E|CS|TAMS 0x000000063c000000| PB 0x000000063c000000| Complete 
| 241|0x000000063c400000, 0x000000063c800000, 0x000000063c800000|100%| E|CS|TAMS 0x000000063c400000| PB 0x000000063c400000| Complete 
| 242|0x000000063c800000, 0x000000063cc00000, 0x000000063cc00000|100%| E|CS|TAMS 0x000000063c800000| PB 0x000000063c800000| Complete 
| 243|0x000000063cc00000, 0x000000063d000000, 0x000000063d000000|100%| E|CS|TAMS 0x000000063cc00000| PB 0x000000063cc00000| Complete 
| 244|0x000000063d000000, 0x000000063d400000, 0x000000063d400000|100%| E|CS|TAMS 0x000000063d000000| PB 0x000000063d000000| Complete 
| 245|0x000000063d400000, 0x000000063d800000, 0x000000063d800000|100%| E|CS|TAMS 0x000000063d400000| PB 0x000000063d400000| Complete 
| 246|0x000000063d800000, 0x000000063dc00000, 0x000000063dc00000|100%| E|CS|TAMS 0x000000063d800000| PB 0x000000063d800000| Complete 
| 247|0x000000063dc00000, 0x000000063e000000, 0x000000063e000000|100%| E|CS|TAMS 0x000000063dc00000| PB 0x000000063dc00000| Complete 
| 248|0x000000063e000000, 0x000000063e400000, 0x000000063e400000|100%| E|CS|TAMS 0x000000063e000000| PB 0x000000063e000000| Complete 
| 249|0x000000063e400000, 0x000000063e800000, 0x000000063e800000|100%| E|CS|TAMS 0x000000063e400000| PB 0x000000063e400000| Complete 
| 250|0x000000063e800000, 0x000000063ec00000, 0x000000063ec00000|100%| E|CS|TAMS 0x000000063e800000| PB 0x000000063e800000| Complete 
| 251|0x000000063ec00000, 0x000000063f000000, 0x000000063f000000|100%| E|CS|TAMS 0x000000063ec00000| PB 0x000000063ec00000| Complete 
| 252|0x000000063f000000, 0x000000063f400000, 0x000000063f400000|100%| E|CS|TAMS 0x000000063f000000| PB 0x000000063f000000| Complete 
| 253|0x000000063f400000, 0x000000063f800000, 0x000000063f800000|100%| E|CS|TAMS 0x000000063f400000| PB 0x000000063f400000| Complete 
| 254|0x000000063f800000, 0x000000063fc00000, 0x000000063fc00000|100%| E|CS|TAMS 0x000000063f800000| PB 0x000000063f800000| Complete 
| 255|0x000000063fc00000, 0x0000000640000000, 0x0000000640000000|100%| E|CS|TAMS 0x000000063fc00000| PB 0x000000063fc00000| Complete 
| 256|0x0000000640000000, 0x0000000640400000, 0x0000000640400000|100%| E|CS|TAMS 0x0000000640000000| PB 0x0000000640000000| Complete 
| 257|0x0000000640400000, 0x0000000640800000, 0x0000000640800000|100%| E|CS|TAMS 0x0000000640400000| PB 0x0000000640400000| Complete 
| 258|0x0000000640800000, 0x0000000640c00000, 0x0000000640c00000|100%| E|CS|TAMS 0x0000000640800000| PB 0x0000000640800000| Complete 
| 259|0x0000000640c00000, 0x0000000641000000, 0x0000000641000000|100%| E|CS|TAMS 0x0000000640c00000| PB 0x0000000640c00000| Complete 
| 260|0x0000000641000000, 0x0000000641400000, 0x0000000641400000|100%| E|CS|TAMS 0x0000000641000000| PB 0x0000000641000000| Complete 
| 261|0x0000000641400000, 0x0000000641800000, 0x0000000641800000|100%| E|CS|TAMS 0x0000000641400000| PB 0x0000000641400000| Complete 
| 262|0x0000000641800000, 0x0000000641c00000, 0x0000000641c00000|100%| E|CS|TAMS 0x0000000641800000| PB 0x0000000641800000| Complete 
| 263|0x0000000641c00000, 0x0000000642000000, 0x0000000642000000|100%| E|CS|TAMS 0x0000000641c00000| PB 0x0000000641c00000| Complete 
| 264|0x0000000642000000, 0x0000000642400000, 0x0000000642400000|100%| E|CS|TAMS 0x0000000642000000| PB 0x0000000642000000| Complete 
| 265|0x0000000642400000, 0x0000000642800000, 0x0000000642800000|100%| E|CS|TAMS 0x0000000642400000| PB 0x0000000642400000| Complete 
| 266|0x0000000642800000, 0x0000000642c00000, 0x0000000642c00000|100%| E|CS|TAMS 0x0000000642800000| PB 0x0000000642800000| Complete 
| 267|0x0000000642c00000, 0x0000000643000000, 0x0000000643000000|100%| E|CS|TAMS 0x0000000642c00000| PB 0x0000000642c00000| Complete 
| 268|0x0000000643000000, 0x0000000643400000, 0x0000000643400000|100%| E|CS|TAMS 0x0000000643000000| PB 0x0000000643000000| Complete 
| 269|0x0000000643400000, 0x0000000643800000, 0x0000000643800000|100%| E|CS|TAMS 0x0000000643400000| PB 0x0000000643400000| Complete 
| 270|0x0000000643800000, 0x0000000643c00000, 0x0000000643c00000|100%| E|CS|TAMS 0x0000000643800000| PB 0x0000000643800000| Complete 
| 271|0x0000000643c00000, 0x0000000644000000, 0x0000000644000000|100%| E|CS|TAMS 0x0000000643c00000| PB 0x0000000643c00000| Complete 
| 272|0x0000000644000000, 0x0000000644400000, 0x0000000644400000|100%| E|CS|TAMS 0x0000000644000000| PB 0x0000000644000000| Complete 
| 273|0x0000000644400000, 0x0000000644800000, 0x0000000644800000|100%| E|CS|TAMS 0x0000000644400000| PB 0x0000000644400000| Complete 
| 274|0x0000000644800000, 0x0000000644c00000, 0x0000000644c00000|100%| E|CS|TAMS 0x0000000644800000| PB 0x0000000644800000| Complete 
| 275|0x0000000644c00000, 0x0000000645000000, 0x0000000645000000|100%| E|CS|TAMS 0x0000000644c00000| PB 0x0000000644c00000| Complete 
| 276|0x0000000645000000, 0x0000000645400000, 0x0000000645400000|100%| E|CS|TAMS 0x0000000645000000| PB 0x0000000645000000| Complete 
| 277|0x0000000645400000, 0x0000000645800000, 0x0000000645800000|100%| E|CS|TAMS 0x0000000645400000| PB 0x0000000645400000| Complete 
| 278|0x0000000645800000, 0x0000000645c00000, 0x0000000645c00000|100%| E|CS|TAMS 0x0000000645800000| PB 0x0000000645800000| Complete 
| 279|0x0000000645c00000, 0x0000000646000000, 0x0000000646000000|100%| E|CS|TAMS 0x0000000645c00000| PB 0x0000000645c00000| Complete 
| 280|0x0000000646000000, 0x0000000646400000, 0x0000000646400000|100%| E|CS|TAMS 0x0000000646000000| PB 0x0000000646000000| Complete 
| 281|0x0000000646400000, 0x0000000646800000, 0x0000000646800000|100%| E|CS|TAMS 0x0000000646400000| PB 0x0000000646400000| Complete 
| 282|0x0000000646800000, 0x0000000646c00000, 0x0000000646c00000|100%| E|CS|TAMS 0x0000000646800000| PB 0x0000000646800000| Complete 
| 283|0x0000000646c00000, 0x0000000647000000, 0x0000000647000000|100%| E|CS|TAMS 0x0000000646c00000| PB 0x0000000646c00000| Complete 
| 284|0x0000000647000000, 0x0000000647400000, 0x0000000647400000|100%| E|CS|TAMS 0x0000000647000000| PB 0x0000000647000000| Complete 
| 285|0x0000000647400000, 0x0000000647800000, 0x0000000647800000|100%| E|CS|TAMS 0x0000000647400000| PB 0x0000000647400000| Complete 
| 286|0x0000000647800000, 0x0000000647c00000, 0x0000000647c00000|100%| E|CS|TAMS 0x0000000647800000| PB 0x0000000647800000| Complete 
| 287|0x0000000647c00000, 0x0000000648000000, 0x0000000648000000|100%| E|CS|TAMS 0x0000000647c00000| PB 0x0000000647c00000| Complete 
| 288|0x0000000648000000, 0x0000000648400000, 0x0000000648400000|100%| E|CS|TAMS 0x0000000648000000| PB 0x0000000648000000| Complete 
| 289|0x0000000648400000, 0x0000000648567f30, 0x0000000648800000| 35%| S|CS|TAMS 0x0000000648400000| PB 0x0000000648400000| Complete 
| 290|0x0000000648800000, 0x0000000648c00000, 0x0000000648c00000|100%| S|CS|TAMS 0x0000000648800000| PB 0x0000000648800000| Complete 
| 291|0x0000000648c00000, 0x0000000649000000, 0x0000000649000000|100%| E|CS|TAMS 0x0000000648c00000| PB 0x0000000648c00000| Complete 
| 292|0x0000000649000000, 0x0000000649400000, 0x0000000649400000|100%| E|CS|TAMS 0x0000000649000000| PB 0x0000000649000000| Complete 
| 293|0x0000000649400000, 0x0000000649800000, 0x0000000649800000|100%| E|CS|TAMS 0x0000000649400000| PB 0x0000000649400000| Complete 
| 294|0x0000000649800000, 0x0000000649c00000, 0x0000000649c00000|100%| E|CS|TAMS 0x0000000649800000| PB 0x0000000649800000| Complete 
| 295|0x0000000649c00000, 0x000000064a000000, 0x000000064a000000|100%| E|CS|TAMS 0x0000000649c00000| PB 0x0000000649c00000| Complete 
| 296|0x000000064a000000, 0x000000064a400000, 0x000000064a400000|100%| E|CS|TAMS 0x000000064a000000| PB 0x000000064a000000| Complete 
| 297|0x000000064a400000, 0x000000064a800000, 0x000000064a800000|100%| E|CS|TAMS 0x000000064a400000| PB 0x000000064a400000| Complete 
| 310|0x000000064d800000, 0x000000064dc00000, 0x000000064dc00000|100%| E|CS|TAMS 0x000000064d800000| PB 0x000000064d800000| Complete 
| 311|0x000000064dc00000, 0x000000064e000000, 0x000000064e000000|100%| E|CS|TAMS 0x000000064dc00000| PB 0x000000064dc00000| Complete 
| 326|0x0000000651800000, 0x0000000651c00000, 0x0000000651c00000|100%| E|CS|TAMS 0x0000000651800000| PB 0x0000000651800000| Complete 
| 327|0x0000000651c00000, 0x0000000652000000, 0x0000000652000000|100%| E|CS|TAMS 0x0000000651c00000| PB 0x0000000651c00000| Complete 
| 328|0x0000000652000000, 0x0000000652400000, 0x0000000652400000|100%| E|CS|TAMS 0x0000000652000000| PB 0x0000000652000000| Complete 
|2041|0x00000007fe400000, 0x00000007fe800000, 0x00000007fe800000|100%| O|  |TAMS 0x00000007fe400000| PB 0x00000007fe400000| Untracked 
|2042|0x00000007fe800000, 0x00000007fec00000, 0x00000007fec00000|100%| E|CS|TAMS 0x00000007fe800000| PB 0x00000007fe800000| Complete 
|2043|0x00000007fec00000, 0x00000007ff000000, 0x00000007ff000000|100%| E|CS|TAMS 0x00000007fec00000| PB 0x00000007fec00000| Complete 
|2044|0x00000007ff000000, 0x00000007ff400000, 0x00000007ff400000|100%| O|  |TAMS 0x00000007ff000000| PB 0x00000007ff000000| Untracked 
|2045|0x00000007ff400000, 0x00000007ff800000, 0x00000007ff800000|100%| O|  |TAMS 0x00000007ff400000| PB 0x00000007ff400000| Untracked 
|2046|0x00000007ff800000, 0x00000007ffc00000, 0x00000007ffc00000|100%| E|CS|TAMS 0x00000007ff800000| PB 0x00000007ff800000| Complete 
|2047|0x00000007ffc00000, 0x0000000800000000, 0x0000000800000000|100%| O|  |TAMS 0x00000007ffc00000| PB 0x00000007ffc00000| Untracked 

Card table byte_map: [0x00000276f1b60000,0x00000276f2b60000] _byte_map_base: 0x00000276eeb60000

Marking Bits: (CMBitMap*) 0x00000276e83c9a70
 Bits: [0x00000276f3b60000, 0x00000276fbb60000)

Polling page: 0x00000276e7ad0000

Metaspace:

Usage:
  Non-class:    158.93 MB used.
      Class:     23.74 MB used.
       Both:    182.67 MB used.

Virtual space:
  Non-class space:      192.00 MB reserved,     160.69 MB ( 84%) committed,  3 nodes.
      Class space:        1.00 GB reserved,      25.44 MB (  2%) committed,  1 nodes.
             Both:        1.19 GB reserved,     186.12 MB ( 15%) committed. 

Chunk freelists:
   Non-Class:  3.35 MB
       Class:  2.60 MB
        Both:  5.95 MB

MaxMetaspaceSize: 4.00 GB
CompressedClassSpaceSize: 1.00 GB
Initial GC threshold: 21.00 MB
Current GC threshold: 309.00 MB
CDS: on
MetaspaceReclaimPolicy: balanced
 - commit_granule_bytes: 65536.
 - commit_granule_words: 8192.
 - virtual_space_node_default_size: 8388608.
 - enlarge_chunks_in_place: 1.
 - new_chunks_are_fully_committed: 0.
 - uncommit_free_chunks: 1.
 - use_allocation_guard: 0.


Internal statistics:

num_allocs_failed_limit: 9.
num_arena_births: 6240.
num_arena_deaths: 0.
num_vsnodes_births: 4.
num_vsnodes_deaths: 0.
num_space_committed: 2976.
num_space_uncommitted: 0.
num_chunks_returned_to_freelist: 9.
num_chunks_taken_from_freelist: 14711.
num_chunk_merges: 6.
num_chunk_splits: 9960.
num_chunks_enlarged: 6670.
num_inconsistent_stats: 0.

CodeHeap 'non-profiled nmethods': size=259264Kb used=16293Kb max_used=16293Kb free=242970Kb
 bounds [0x00000276902d0000, 0x00000276912c0000, 0x00000276a0000000]
CodeHeap 'profiled nmethods': size=259264Kb used=45835Kb max_used=45842Kb free=213428Kb
 bounds [0x0000027680000000, 0x0000027682d30000, 0x000002768fd30000]
CodeHeap 'non-nmethods': size=5760Kb used=3312Kb max_used=3369Kb free=2447Kb
 bounds [0x000002768fd30000, 0x0000027690090000, 0x00000276902d0000]
 total_blobs=21014 nmethods=19752 adapters=1167
 compilation: enabled
              stopped_count=0, restarted_count=0
 full_count=0

Compilation events (20 events):
Event: 2765.647 Thread 0x00000276fbd225b0 nmethod 31355 0x00000276912b8a90 code [0x00000276912b8c40, 0x00000276912b8ea8]
Event: 2765.648 Thread 0x00000276fbd349d0 31357       3       org.gradle.internal.lazy.AtomicLazy::get (50 bytes)
Event: 2765.652 Thread 0x00000276fbd349d0 nmethod 31357 0x0000027682210e90 code [0x0000027682211140, 0x0000027682212058]
Event: 2765.657 Thread 0x00000276fbd349d0 31358       3       java.io.ObjectOutputStream::close (16 bytes)
Event: 2765.661 Thread 0x00000276fbd349d0 nmethod 31358 0x0000027682060d90 code [0x0000027682061000, 0x00000276820619c0]
Event: 2765.661 Thread 0x00000276fbd349d0 31359       3       java.io.ObjectOutputStream::clear (15 bytes)
Event: 2765.662 Thread 0x00000276fbd349d0 nmethod 31359 0x000002768031ab10 code [0x000002768031ad60, 0x000002768031b750]
Event: 2765.664 Thread 0x00000276fbd349d0 31360       3       org.gradle.api.internal.DelegatingNamedDomainObjectSet::getDelegate (8 bytes)
Event: 2765.664 Thread 0x00000276fbd349d0 nmethod 31360 0x0000027682816010 code [0x00000276828161a0, 0x00000276828163d8]
Event: 2765.664 Thread 0x00000276fbd349d0 31361       1       org.jetbrains.kotlin.gradle.plugin.KotlinCompilationInfo$TCS::getCompilation (5 bytes)
Event: 2765.665 Thread 0x00000276fbd349d0 nmethod 31361 0x00000276912b9190 code [0x00000276912b9300, 0x00000276912b93d0]
Event: 2765.666 Thread 0x00000276fbd349d0 31362       3       org.gradle.api.internal.tasks.DefaultTaskContainer_Decorated::getNames (40 bytes)
Event: 2765.668 Thread 0x00000276fbd349d0 nmethod 31362 0x000002768223c990 code [0x000002768223cb60, 0x000002768223cf40]
Event: 2765.668 Thread 0x00000276fbd349d0 31363       3       org.gradle.api.internal.tasks.DefaultTaskContainer::getNames (39 bytes)
Event: 2765.670 Thread 0x00000276fbd349d0 nmethod 31363 0x0000027681175510 code [0x0000027681175760, 0x00000276811761e0]
Event: 2765.672 Thread 0x00000276fbd349d0 31364       3       org.jetbrains.kotlin.gradle.plugin.diagnostics.KotlinGradleProjectCheckersRunnerKt$launchKotlinGradleProjectCheckers$1$1::invokeSuspend (89 bytes)
Event: 2765.675 Thread 0x00000276fbd349d0 nmethod 31364 0x00000276816c0090 code [0x00000276816c02a0, 0x00000276816c0c00]
Event: 2765.676 Thread 0x00000276fbd349d0 31365   !   3       org.jetbrains.kotlin.gradle.dsl.KotlinProjectExtensionKt::getMultiplatformExtensionOrNull (111 bytes)
Event: 2765.678 Thread 0x00000276fbd225b0 31366   !   4       java.util.Formatter::format (287 bytes)
Event: 2765.690 Thread 0x00000276fbd349d0 nmethod 31365 0x00000276810e9f90 code [0x00000276810ea4a0, 0x00000276810ed1c8]

GC Heap History (20 events):
Event: 2040.430 GC heap before
{Heap before GC invocations=75 (full 0):
 garbage-first heap   total 1331200K, used 366471K [0x0000000600000000, 0x0000000800000000)
  region size 4096K, 23 young (94208K), 4 survivors (16384K)
 Metaspace       used 180902K, committed 184192K, reserved 1245184K
  class space    used 23670K, committed 25280K, reserved 1048576K
}
Event: 2040.508 GC heap after
{Heap after GC invocations=76 (full 0):
 garbage-first heap   total 1331200K, used 296691K [0x0000000600000000, 0x0000000800000000)
  region size 4096K, 3 young (12288K), 3 survivors (12288K)
 Metaspace       used 180902K, committed 184192K, reserved 1245184K
  class space    used 23670K, committed 25280K, reserved 1048576K
}
Event: 2046.776 GC heap before
{Heap before GC invocations=76 (full 0):
 garbage-first heap   total 1331200K, used 534259K [0x0000000600000000, 0x0000000800000000)
  region size 4096K, 62 young (253952K), 3 survivors (12288K)
 Metaspace       used 182580K, committed 185920K, reserved 1245184K
  class space    used 23956K, committed 25600K, reserved 1048576K
}
Event: 2046.837 GC heap after
{Heap after GC invocations=77 (full 0):
 garbage-first heap   total 1331200K, used 309379K [0x0000000600000000, 0x0000000800000000)
  region size 4096K, 7 young (28672K), 7 survivors (28672K)
 Metaspace       used 182580K, committed 185920K, reserved 1245184K
  class space    used 23956K, committed 25600K, reserved 1048576K
}
Event: 2047.401 GC heap before
{Heap before GC invocations=77 (full 0):
 garbage-first heap   total 1331200K, used 346243K [0x0000000600000000, 0x0000000800000000)
  region size 4096K, 16 young (65536K), 7 survivors (28672K)
 Metaspace       used 182777K, committed 186176K, reserved 1245184K
  class space    used 23980K, committed 25664K, reserved 1048576K
}
Event: 2047.549 GC heap after
{Heap after GC invocations=78 (full 0):
 garbage-first heap   total 1331200K, used 315636K [0x0000000600000000, 0x0000000800000000)
  region size 4096K, 2 young (8192K), 2 survivors (8192K)
 Metaspace       used 182777K, committed 186176K, reserved 1245184K
  class space    used 23980K, committed 25664K, reserved 1048576K
}
Event: 2049.746 GC heap before
{Heap before GC invocations=79 (full 0):
 garbage-first heap   total 1146880K, used 364788K [0x0000000600000000, 0x0000000800000000)
  region size 4096K, 14 young (57344K), 2 survivors (8192K)
 Metaspace       used 183216K, committed 186560K, reserved 1245184K
  class space    used 24021K, committed 25664K, reserved 1048576K
}
Event: 2049.757 GC heap after
{Heap after GC invocations=80 (full 0):
 garbage-first heap   total 1146880K, used 310746K [0x0000000600000000, 0x0000000800000000)
  region size 4096K, 2 young (8192K), 2 survivors (8192K)
 Metaspace       used 183216K, committed 186560K, reserved 1245184K
  class space    used 24021K, committed 25664K, reserved 1048576K
}
Event: 2058.518 GC heap before
{Heap before GC invocations=80 (full 0):
 garbage-first heap   total 1146880K, used 789978K [0x0000000600000000, 0x0000000800000000)
  region size 4096K, 113 young (462848K), 2 survivors (8192K)
 Metaspace       used 184901K, committed 188288K, reserved 1245184K
  class space    used 24121K, committed 25792K, reserved 1048576K
}
Event: 2058.725 GC heap after
{Heap after GC invocations=81 (full 0):
 garbage-first heap   total 1146880K, used 353289K [0x0000000600000000, 0x0000000800000000)
  region size 4096K, 13 young (53248K), 13 survivors (53248K)
 Metaspace       used 184901K, committed 188288K, reserved 1245184K
  class space    used 24121K, committed 25792K, reserved 1048576K
}
Event: 2058.738 GC heap before
{Heap before GC invocations=81 (full 0):
 garbage-first heap   total 1146880K, used 357385K [0x0000000600000000, 0x0000000800000000)
  region size 4096K, 14 young (57344K), 13 survivors (53248K)
 Metaspace       used 184901K, committed 188288K, reserved 1245184K
  class space    used 24121K, committed 25792K, reserved 1048576K
}
Event: 2058.832 GC heap after
{Heap after GC invocations=82 (full 0):
 garbage-first heap   total 1146880K, used 361228K [0x0000000600000000, 0x0000000800000000)
  region size 4096K, 2 young (8192K), 2 survivors (8192K)
 Metaspace       used 184901K, committed 188288K, reserved 1245184K
  class space    used 24121K, committed 25792K, reserved 1048576K
}
Event: 2291.068 GC heap before
{Heap before GC invocations=83 (full 0):
 garbage-first heap   total 1146880K, used 557836K [0x0000000600000000, 0x0000000800000000)
  region size 4096K, 50 young (204800K), 2 survivors (8192K)
 Metaspace       used 185392K, committed 188800K, reserved 1245184K
  class space    used 24180K, committed 25856K, reserved 1048576K
}
Event: 2291.564 GC heap after
{Heap after GC invocations=84 (full 0):
 garbage-first heap   total 1146880K, used 363434K [0x0000000600000000, 0x0000000800000000)
  region size 4096K, 5 young (20480K), 5 survivors (20480K)
 Metaspace       used 185392K, committed 188800K, reserved 1245184K
  class space    used 24180K, committed 25856K, reserved 1048576K
}
Event: 2305.846 GC heap before
{Heap before GC invocations=84 (full 0):
 garbage-first heap   total 1146880K, used 871338K [0x0000000600000000, 0x0000000800000000)
  region size 4096K, 129 young (528384K), 5 survivors (20480K)
 Metaspace       used 186191K, committed 189632K, reserved 1245184K
  class space    used 24220K, committed 25920K, reserved 1048576K
}
Event: 2306.208 GC heap after
{Heap after GC invocations=85 (full 0):
 garbage-first heap   total 1146880K, used 360186K [0x0000000600000000, 0x0000000800000000)
  region size 4096K, 8 young (32768K), 8 survivors (32768K)
 Metaspace       used 186191K, committed 189632K, reserved 1245184K
  class space    used 24220K, committed 25920K, reserved 1048576K
}
Event: 2306.632 GC heap before
{Heap before GC invocations=85 (full 0):
 garbage-first heap   total 1146880K, used 384762K [0x0000000600000000, 0x0000000800000000)
  region size 4096K, 14 young (57344K), 8 survivors (32768K)
 Metaspace       used 186313K, committed 189760K, reserved 1245184K
  class space    used 24242K, committed 25984K, reserved 1048576K
}
Event: 2306.697 GC heap after
{Heap after GC invocations=86 (full 0):
 garbage-first heap   total 1376256K, used 364373K [0x0000000600000000, 0x0000000800000000)
  region size 4096K, 2 young (8192K), 2 survivors (8192K)
 Metaspace       used 186313K, committed 189760K, reserved 1245184K
  class space    used 24242K, committed 25984K, reserved 1048576K
}
Event: 2309.715 GC heap before
{Heap before GC invocations=87 (full 0):
 garbage-first heap   total 1269760K, used 405333K [0x0000000600000000, 0x0000000800000000)
  region size 4096K, 15 young (61440K), 2 survivors (8192K)
 Metaspace       used 186372K, committed 189824K, reserved 1245184K
  class space    used 24244K, committed 25984K, reserved 1048576K
}
Event: 2309.729 GC heap after
{Heap after GC invocations=88 (full 0):
 garbage-first heap   total 1269760K, used 353038K [0x0000000600000000, 0x0000000800000000)
  region size 4096K, 2 young (8192K), 2 survivors (8192K)
 Metaspace       used 186372K, committed 189824K, reserved 1245184K
  class space    used 24244K, committed 25984K, reserved 1048576K
}

Dll operation events (17 events):
Event: 0.027 Loaded shared library C:\Program Files\Java\jdk-20\bin\java.dll
Event: 0.046 Loaded shared library C:\Program Files\Java\jdk-20\bin\jsvml.dll
Event: 0.206 Loaded shared library C:\Program Files\Java\jdk-20\bin\zip.dll
Event: 0.238 Loaded shared library C:\Program Files\Java\jdk-20\bin\instrument.dll
Event: 0.333 Loaded shared library C:\Program Files\Java\jdk-20\bin\net.dll
Event: 0.337 Loaded shared library C:\Program Files\Java\jdk-20\bin\nio.dll
Event: 0.341 Loaded shared library C:\Program Files\Java\jdk-20\bin\zip.dll
Event: 0.598 Loaded shared library C:\Program Files\Java\jdk-20\bin\jimage.dll
Event: 0.718 Loaded shared library C:\Program Files\Java\jdk-20\bin\verify.dll
Event: 0.875 Loaded shared library C:\Users\LENOVO\.gradle\native\1def1411415f61bf3af743bc5b6707747c0891f09f0c88961ee8f79bc544acac\windows-amd64\native-platform.dll
Event: 0.885 Loaded shared library C:\Users\LENOVO\.gradle\native\0.2.5\x86_64-windows-gnu\gradle-fileevents.dll
Event: 1.611 Loaded shared library C:\Program Files\Java\jdk-20\bin\management.dll
Event: 1.624 Loaded shared library C:\Program Files\Java\jdk-20\bin\management_ext.dll
Event: 2.160 Loaded shared library C:\Program Files\Java\jdk-20\bin\extnet.dll
Event: 2.504 Loaded shared library C:\Program Files\Java\jdk-20\bin\sunmscapi.dll
Event: 3.413 Loaded shared library C:\Users\LENOVO\AppData\Local\Temp\native-platform18280323534326321946dir\gradle-fileevents.dll
Event: 16.050 Loaded shared library C:\Program Files\Java\jdk-20\bin\rmi.dll

Deoptimization events (20 events):
Event: 2313.127 Thread 0x000002770120f350 DEOPT PACKING pc=0x0000027690e7ad30 sp=0x000000a956afc920
Event: 2313.128 Thread 0x000002770120f350 DEOPT UNPACKING pc=0x000002768fd99d22 sp=0x000000a956afc8c8 mode 2
Event: 2762.856 Thread 0x000002770205b2e0 Uncommon trap: trap_request=0xffffff45 fr.pc=0x0000027691268ca4 relative=0x0000000000000ac4
Event: 2762.859 Thread 0x000002770205b2e0 Uncommon trap: reason=unstable_if action=reinterpret pc=0x0000027691268ca4 method=java.util.concurrent.ConcurrentLinkedQueue.updateHead(Ljava/util/concurrent/ConcurrentLinkedQueue$Node;Ljava/util/concurrent/ConcurrentLinkedQueue$Node;)V @ 14 c2
Event: 2762.859 Thread 0x000002770205b2e0 DEOPT PACKING pc=0x0000027691268ca4 sp=0x000000a957efed40
Event: 2762.861 Thread 0x000002770205b2e0 DEOPT UNPACKING pc=0x000002768fd99d22 sp=0x000000a957efec08 mode 2
Event: 2762.963 Thread 0x00000277003feb70 DEOPT PACKING pc=0x000002768126e7fe sp=0x000000a956bfb900
Event: 2762.964 Thread 0x00000277003feb70 DEOPT UNPACKING pc=0x000002768fd9a4c2 sp=0x000000a956bfae50 mode 0
Event: 2763.006 Thread 0x00000277003feb70 DEOPT PACKING pc=0x00000276802caf6e sp=0x000000a956bfb6f0
Event: 2763.006 Thread 0x00000277003feb70 DEOPT UNPACKING pc=0x000002768fd9a4c2 sp=0x000000a956bfac78 mode 0
Event: 2764.436 Thread 0x000002770205c2d0 Uncommon trap: trap_request=0xffffffde fr.pc=0x000002769086f3ac relative=0x000000000000080c
Event: 2764.436 Thread 0x000002770205c2d0 Uncommon trap: reason=class_check action=maybe_recompile pc=0x000002769086f3ac method=org.gradle.cache.internal.filelock.LockStateAccess.writeState(Ljava/io/RandomAccessFile;Lorg/gradle/cache/internal/filelock/LockState;)V @ 24 c2
Event: 2764.436 Thread 0x000002770205c2d0 DEOPT PACKING pc=0x000002769086f3ac sp=0x000000a9582fe8e0
Event: 2764.437 Thread 0x000002770205c2d0 DEOPT UNPACKING pc=0x000002768fd99d22 sp=0x000000a9582fe8b8 mode 2
Event: 2764.727 Thread 0x000002770205c820 Uncommon trap: trap_request=0xffffffde fr.pc=0x000002769086f3ac relative=0x000000000000080c
Event: 2764.727 Thread 0x000002770205c820 Uncommon trap: reason=class_check action=maybe_recompile pc=0x000002769086f3ac method=org.gradle.cache.internal.filelock.LockStateAccess.writeState(Ljava/io/RandomAccessFile;Lorg/gradle/cache/internal/filelock/LockState;)V @ 24 c2
Event: 2764.727 Thread 0x000002770205c820 DEOPT PACKING pc=0x000002769086f3ac sp=0x000000a9585fe600
Event: 2764.727 Thread 0x000002770205c820 DEOPT UNPACKING pc=0x000002768fd99d22 sp=0x000000a9585fe5d8 mode 2
Event: 2765.282 Thread 0x00000277003feb70 DEOPT PACKING pc=0x00000276828158d1 sp=0x000000a956bf4f70
Event: 2765.282 Thread 0x00000277003feb70 DEOPT UNPACKING pc=0x000002768fd9a4c2 sp=0x000000a956bf42f8 mode 0

Classes loaded (20 events):
Event: 2044.777 Loading class java/lang/EnumBeanInfo
Event: 2044.777 Loading class java/lang/EnumBeanInfo done
Event: 2044.785 Loading class java/lang/EnumCustomizer
Event: 2044.818 Loading class java/lang/EnumCustomizer done
Event: 2044.818 Loading class java/lang/EnumCustomizer
Event: 2044.818 Loading class java/lang/EnumCustomizer done
Event: 2045.128 Loading class java/beans/IntrospectionException
Event: 2045.146 Loading class java/beans/IntrospectionException done
Event: 2050.294 Loading class java/io/PrintWriter$1
Event: 2050.356 Loading class jdk/internal/access/JavaIOPrintWriterAccess
Event: 2050.378 Loading class jdk/internal/access/JavaIOPrintWriterAccess done
Event: 2050.378 Loading class java/io/PrintWriter$1 done
Event: 2050.378 Loading class java/lang/Throwable$WrappedPrintWriter
Event: 2050.387 Loading class java/lang/Throwable$PrintStreamOrWriter
Event: 2050.391 Loading class java/lang/Throwable$PrintStreamOrWriter done
Event: 2050.391 Loading class java/lang/Throwable$WrappedPrintWriter done
Event: 2050.397 Loading class java/lang/StackTraceElement$HashedModules
Event: 2050.424 Loading class java/lang/StackTraceElement$HashedModules done
Event: 2050.922 Loading class java/util/Collections$EmptyListIterator
Event: 2050.928 Loading class java/util/Collections$EmptyListIterator done

Classes unloaded (0 events):
No events

Classes redefined (0 events):
No events

Internal exceptions (20 events):
Event: 2763.896 Thread 0x00000277003feb70 Exception <a 'java/lang/NoSuchMethodError'{0x0000000638f13230}: static [Lorg/gradle/tooling/BuildAction;.<clinit>()V> (0x0000000638f13230) 
thrown [s\open\src\hotspot\share\prims\jni.cpp, line 1105]
Event: 2763.905 Thread 0x00000277003feb70 Exception <a 'java/lang/NoSuchMethodError'{0x0000000638f23c18}: static Lorg/eclipse/buildship/core/internal/workspace/TellGradleToRunSynchronizationTasks;.<clinit>()V> (0x0000000638f23c18) 
thrown [s\open\src\hotspot\share\prims\jni.cpp, line 1105]
Event: 2764.442 Thread 0x000002770205c2d0 Exception <a 'sun/nio/fs/WindowsException'{0x0000000638896430}> (0x0000000638896430) 
thrown [s\open\src\hotspot\share\prims\jni.cpp, line 519]
Event: 2764.444 Thread 0x000002770205c2d0 Exception <a 'sun/nio/fs/WindowsException'{0x0000000638896b00}> (0x0000000638896b00) 
thrown [s\open\src\hotspot\share\prims\jni.cpp, line 519]
Event: 2764.475 Thread 0x000002770205c2d0 Exception <a 'sun/nio/fs/WindowsException'{0x00000006388a6ca8}> (0x00000006388a6ca8) 
thrown [s\open\src\hotspot\share\prims\jni.cpp, line 519]
Event: 2764.481 Thread 0x000002770205c2d0 Exception <a 'sun/nio/fs/WindowsException'{0x00000006388b68d0}> (0x00000006388b68d0) 
thrown [s\open\src\hotspot\share\prims\jni.cpp, line 519]
Event: 2764.484 Thread 0x000002770205c2d0 Exception <a 'sun/nio/fs/WindowsException'{0x00000006388c2990}> (0x00000006388c2990) 
thrown [s\open\src\hotspot\share\prims\jni.cpp, line 519]
Event: 2764.623 Thread 0x00000277003feb70 Exception <a 'java/lang/ClassNotFoundException'{0x000000063891e1c8}: eclipsePlugin_61i8g2lzv8z9njotlw78jgyrlBeanInfo> (0x000000063891e1c8) 
thrown [s\open\src\hotspot\share\classfile\systemDictionary.cpp, line 305]
Event: 2764.628 Thread 0x00000277003feb70 Exception <a 'java/lang/ClassNotFoundException'{0x0000000638925140}: eclipsePlugin_61i8g2lzv8z9njotlw78jgyrlCustomizer> (0x0000000638925140) 
thrown [s\open\src\hotspot\share\classfile\systemDictionary.cpp, line 305]
Event: 2764.730 Thread 0x000002770205c820 Exception <a 'sun/nio/fs/WindowsException'{0x0000000638964f88}> (0x0000000638964f88) 
thrown [s\open\src\hotspot\share\prims\jni.cpp, line 519]
Event: 2764.731 Thread 0x000002770205c820 Exception <a 'sun/nio/fs/WindowsException'{0x0000000638965640}> (0x0000000638965640) 
thrown [s\open\src\hotspot\share\prims\jni.cpp, line 519]
Event: 2764.733 Thread 0x000002770205c820 Exception <a 'sun/nio/fs/WindowsException'{0x0000000638971718}> (0x0000000638971718) 
thrown [s\open\src\hotspot\share\prims\jni.cpp, line 519]
Event: 2764.764 Thread 0x00000277003feb70 Exception <a 'sun/nio/fs/WindowsException'{0x0000000638984000}> (0x0000000638984000) 
thrown [s\open\src\hotspot\share\prims\jni.cpp, line 519]
Event: 2764.765 Thread 0x00000277003feb70 Exception <a 'sun/nio/fs/WindowsException'{0x00000006389856a0}> (0x00000006389856a0) 
thrown [s\open\src\hotspot\share\prims\jni.cpp, line 519]
Event: 2764.765 Thread 0x00000277003feb70 Exception <a 'sun/nio/fs/WindowsException'{0x0000000638986d30}> (0x0000000638986d30) 
thrown [s\open\src\hotspot\share\prims\jni.cpp, line 519]
Event: 2764.766 Thread 0x00000277003feb70 Exception <a 'sun/nio/fs/WindowsException'{0x00000006389883b0}> (0x00000006389883b0) 
thrown [s\open\src\hotspot\share\prims\jni.cpp, line 519]
Event: 2764.974 Thread 0x00000277003feb70 Exception <a 'sun/nio/fs/WindowsException'{0x0000000638acf908}> (0x0000000638acf908) 
thrown [s\open\src\hotspot\share\prims\jni.cpp, line 519]
Event: 2764.974 Thread 0x00000277003feb70 Exception <a 'sun/nio/fs/WindowsException'{0x0000000638ad1508}> (0x0000000638ad1508) 
thrown [s\open\src\hotspot\share\prims\jni.cpp, line 519]
Event: 2764.975 Thread 0x00000277003feb70 Exception <a 'sun/nio/fs/WindowsException'{0x0000000638ad30f8}> (0x0000000638ad30f8) 
thrown [s\open\src\hotspot\share\prims\jni.cpp, line 519]
Event: 2764.975 Thread 0x00000277003feb70 Exception <a 'sun/nio/fs/WindowsException'{0x0000000638ad4f50}> (0x0000000638ad4f50) 
thrown [s\open\src\hotspot\share\prims\jni.cpp, line 519]

VM Operations (20 events):
Event: 2310.729 Executing VM operation: Cleanup
Event: 2310.729 Executing VM operation: Cleanup done
Event: 2311.729 Executing VM operation: Cleanup
Event: 2311.730 Executing VM operation: Cleanup done
Event: 2312.730 Executing VM operation: Cleanup
Event: 2312.730 Executing VM operation: Cleanup done
Event: 2314.731 Executing VM operation: Cleanup
Event: 2314.731 Executing VM operation: Cleanup done
Event: 2344.310 Executing VM operation: HandshakeAllThreads
Event: 2344.310 Executing VM operation: HandshakeAllThreads done
Event: 2653.458 Executing VM operation: Cleanup
Event: 2653.467 Executing VM operation: Cleanup done
Event: 2762.517 Executing VM operation: Cleanup
Event: 2762.520 Executing VM operation: Cleanup done
Event: 2763.520 Executing VM operation: Cleanup
Event: 2763.521 Executing VM operation: Cleanup done
Event: 2764.521 Executing VM operation: Cleanup
Event: 2764.521 Executing VM operation: Cleanup done
Event: 2765.184 Executing VM operation: HandshakeAllThreads
Event: 2765.184 Executing VM operation: HandshakeAllThreads done

Events (20 events):
Event: 2765.301 Thread 0x000002771716ecc0 Thread added: 0x000002771716ecc0
Event: 2765.301 Thread 0x000002771716a7b0 Thread added: 0x000002771716a7b0
Event: 2765.301 Thread 0x000002771716c240 Thread added: 0x000002771716c240
Event: 2765.301 Thread 0x000002771716cce0 Thread added: 0x000002771716cce0
Event: 2765.302 Thread 0x000002771716d230 Thread added: 0x000002771716d230
Event: 2765.302 Thread 0x000002771716dcd0 Thread added: 0x000002771716dcd0
Event: 2765.302 Thread 0x000002771716ad00 Thread added: 0x000002771716ad00
Event: 2765.303 Thread 0x000002771716b250 Thread added: 0x000002771716b250
Event: 2765.357 Thread 0x000002771716bcf0 Thread added: 0x000002771716bcf0
Event: 2765.357 Thread 0x000002771716d780 Thread added: 0x000002771716d780
Event: 2765.358 Thread 0x000002771716f210 Thread added: 0x000002771716f210
Event: 2765.358 Thread 0x00000277171697c0 Thread added: 0x00000277171697c0
Event: 2765.358 Thread 0x0000027717167d30 Thread added: 0x0000027717167d30
Event: 2765.358 Thread 0x0000027717169270 Thread added: 0x0000027717169270
Event: 2765.358 Thread 0x000002771716fcb0 Thread added: 0x000002771716fcb0
Event: 2765.359 Thread 0x0000027717168280 Thread added: 0x0000027717168280
Event: 2765.360 Thread 0x0000027717174710 Thread added: 0x0000027717174710
Event: 2765.360 Thread 0x0000027717175700 Thread added: 0x0000027717175700
Event: 2765.360 Thread 0x00000277171751b0 Thread added: 0x00000277171751b0
Event: 2765.572 Thread 0x00000277171731d0 Thread added: 0x00000277171731d0


Dynamic libraries:
0x00007ff69e3d0000 - 0x00007ff69e3e0000 	C:\Program Files\Java\jdk-20\bin\java.exe
0x00007ffedd050000 - 0x00007ffedd267000 	C:\WINDOWS\SYSTEM32\ntdll.dll
0x00007ffedbc60000 - 0x00007ffedbd24000 	C:\WINDOWS\System32\KERNEL32.DLL
0x00007ffeda3a0000 - 0x00007ffeda770000 	C:\WINDOWS\System32\KERNELBASE.dll
0x00007ffeda200000 - 0x00007ffeda311000 	C:\WINDOWS\System32\ucrtbase.dll
0x00007ffeb03d0000 - 0x00007ffeb03e9000 	C:\Program Files\Java\jdk-20\bin\jli.dll
0x00007ffeb6760000 - 0x00007ffeb677b000 	C:\Program Files\Java\jdk-20\bin\VCRUNTIME140.dll
0x00007ffedcf00000 - 0x00007ffedcfb1000 	C:\WINDOWS\System32\ADVAPI32.dll
0x00007ffedc4a0000 - 0x00007ffedc547000 	C:\WINDOWS\System32\msvcrt.dll
0x00007ffedbdb0000 - 0x00007ffedbe58000 	C:\WINDOWS\System32\sechost.dll
0x00007ffeda830000 - 0x00007ffeda858000 	C:\WINDOWS\System32\bcrypt.dll
0x00007ffedc140000 - 0x00007ffedc258000 	C:\WINDOWS\System32\RPCRT4.dll
0x00007ffedc2e0000 - 0x00007ffedc491000 	C:\WINDOWS\System32\USER32.dll
0x00007ffeda150000 - 0x00007ffeda176000 	C:\WINDOWS\System32\win32u.dll
0x00007ffec4010000 - 0x00007ffec42ac000 	C:\WINDOWS\WinSxS\amd64_microsoft.windows.common-controls_6595b64144ccf1df_6.0.22621.5840_none_2710ea077384a4fe\COMCTL32.dll
0x00007ffedcfe0000 - 0x00007ffedd009000 	C:\WINDOWS\System32\GDI32.dll
0x00007ffeda860000 - 0x00007ffeda983000 	C:\WINDOWS\System32\gdi32full.dll
0x00007ffedac40000 - 0x00007ffedacda000 	C:\WINDOWS\System32\msvcp_win.dll
0x00007ffed2790000 - 0x00007ffed279a000 	C:\WINDOWS\SYSTEM32\VERSION.dll
0x00007ffedb750000 - 0x00007ffedb781000 	C:\WINDOWS\System32\IMM32.DLL
0x00007ffeba580000 - 0x00007ffeba58c000 	C:\Program Files\Java\jdk-20\bin\vcruntime140_1.dll
0x00007ffe76c10000 - 0x00007ffe76c9e000 	C:\Program Files\Java\jdk-20\bin\msvcp140.dll
0x00007ffe21c20000 - 0x00007ffe228b8000 	C:\Program Files\Java\jdk-20\bin\server\jvm.dll
0x00007ffebbf80000 - 0x00007ffebbf89000 	C:\WINDOWS\SYSTEM32\WSOCK32.dll
0x00007ffed2e00000 - 0x00007ffed2e34000 	C:\WINDOWS\SYSTEM32\WINMM.dll
0x00007ffedc260000 - 0x00007ffedc2d1000 	C:\WINDOWS\System32\WS2_32.dll
0x00007ffed90c0000 - 0x00007ffed90d8000 	C:\WINDOWS\SYSTEM32\kernel.appcore.dll
0x00007ffeb95c0000 - 0x00007ffeb95ca000 	C:\Program Files\Java\jdk-20\bin\jimage.dll
0x00007ffed7c50000 - 0x00007ffed7e83000 	C:\WINDOWS\SYSTEM32\DBGHELP.DLL
0x00007ffedace0000 - 0x00007ffedb071000 	C:\WINDOWS\System32\combase.dll
0x00007ffedb9a0000 - 0x00007ffedba78000 	C:\WINDOWS\System32\OLEAUT32.dll
0x00007ffeb94f0000 - 0x00007ffeb9522000 	C:\WINDOWS\SYSTEM32\dbgcore.DLL
0x00007ffeda320000 - 0x00007ffeda39b000 	C:\WINDOWS\System32\bcryptPrimitives.dll
0x00007ffeb2400000 - 0x00007ffeb240e000 	C:\Program Files\Java\jdk-20\bin\instrument.dll
0x00007ffeac080000 - 0x00007ffeac0a6000 	C:\Program Files\Java\jdk-20\bin\java.dll
0x00007ffe76a60000 - 0x00007ffe76b37000 	C:\Program Files\Java\jdk-20\bin\jsvml.dll
0x00007ffedc550000 - 0x00007ffedcdf1000 	C:\WINDOWS\System32\SHELL32.dll
0x00007ffedab00000 - 0x00007ffedac3f000 	C:\WINDOWS\System32\wintypes.dll
0x00007ffed8020000 - 0x00007ffed893a000 	C:\WINDOWS\SYSTEM32\windows.storage.dll
0x00007ffedbe60000 - 0x00007ffedbf6a000 	C:\WINDOWS\System32\SHCORE.dll
0x00007ffedce00000 - 0x00007ffedce69000 	C:\WINDOWS\System32\shlwapi.dll
0x00007ffeda080000 - 0x00007ffeda0a5000 	C:\WINDOWS\SYSTEM32\profapi.dll
0x00007ffeaffe0000 - 0x00007ffeafff8000 	C:\Program Files\Java\jdk-20\bin\zip.dll
0x00007ffea7a00000 - 0x00007ffea7a13000 	C:\Program Files\Java\jdk-20\bin\net.dll
0x00007ffed2bf0000 - 0x00007ffed2d1c000 	C:\WINDOWS\SYSTEM32\WINHTTP.dll
0x00007ffed9600000 - 0x00007ffed9669000 	C:\WINDOWS\system32\mswsock.dll
0x00007ffea7620000 - 0x00007ffea7636000 	C:\Program Files\Java\jdk-20\bin\nio.dll
0x00007ffeb2350000 - 0x00007ffeb2360000 	C:\Program Files\Java\jdk-20\bin\verify.dll
0x00007ffeb0450000 - 0x00007ffeb0477000 	C:\Users\LENOVO\.gradle\native\1def1411415f61bf3af743bc5b6707747c0891f09f0c88961ee8f79bc544acac\windows-amd64\native-platform.dll
0x00000000571d0000 - 0x0000000057243000 	C:\Users\LENOVO\.gradle\native\0.2.5\x86_64-windows-gnu\gradle-fileevents.dll
0x00007ffeb0410000 - 0x00007ffeb041a000 	C:\Program Files\Java\jdk-20\bin\management.dll
0x00007ffeae7e0000 - 0x00007ffeae7eb000 	C:\Program Files\Java\jdk-20\bin\management_ext.dll
0x00007ffedb990000 - 0x00007ffedb998000 	C:\WINDOWS\System32\PSAPI.DLL
0x00007ffed9860000 - 0x00007ffed987b000 	C:\WINDOWS\SYSTEM32\CRYPTSP.dll
0x00007ffed9080000 - 0x00007ffed90b7000 	C:\WINDOWS\system32\rsaenh.dll
0x00007ffed96f0000 - 0x00007ffed9718000 	C:\WINDOWS\SYSTEM32\USERENV.dll
0x00007ffed9850000 - 0x00007ffed985c000 	C:\WINDOWS\SYSTEM32\CRYPTBASE.dll
0x00007ffed8ba0000 - 0x00007ffed8bcd000 	C:\WINDOWS\SYSTEM32\IPHLPAPI.DLL
0x00007ffedbd30000 - 0x00007ffedbd39000 	C:\WINDOWS\System32\NSI.dll
0x00007ffed2a40000 - 0x00007ffed2a59000 	C:\WINDOWS\SYSTEM32\dhcpcsvc6.DLL
0x00007ffed2a20000 - 0x00007ffed2a3f000 	C:\WINDOWS\SYSTEM32\dhcpcsvc.DLL
0x00007ffed8c10000 - 0x00007ffed8d08000 	C:\WINDOWS\SYSTEM32\DNSAPI.dll
0x00007ffead8b0000 - 0x00007ffead8b7000 	C:\Program Files\Java\jdk-20\bin\extnet.dll
0x00007ffea8540000 - 0x00007ffea854e000 	C:\Program Files\Java\jdk-20\bin\sunmscapi.dll
0x00007ffeda990000 - 0x00007ffedaaf8000 	C:\WINDOWS\System32\CRYPT32.dll
0x00007ffed9a10000 - 0x00007ffed9a3d000 	C:\WINDOWS\SYSTEM32\ncrypt.dll
0x00007ffed99d0000 - 0x00007ffed9a07000 	C:\WINDOWS\SYSTEM32\NTASN1.dll
0x00007ffe7d890000 - 0x00007ffe7d898000 	C:\WINDOWS\system32\wshunix.dll
0x00000000570d0000 - 0x0000000057143000 	C:\Users\LENOVO\AppData\Local\Temp\native-platform18280323534326321946dir\gradle-fileevents.dll
0x00007ffed55a0000 - 0x00007ffed55b7000 	C:\WINDOWS\system32\napinsp.dll
0x00007ffecee90000 - 0x00007ffeceeab000 	C:\WINDOWS\system32\pnrpnsp.dll
0x00007ffecee70000 - 0x00007ffecee81000 	C:\WINDOWS\System32\winrnr.dll
0x00007ffed29a0000 - 0x00007ffed29b5000 	C:\WINDOWS\system32\wshbth.dll
0x00007ffecdb60000 - 0x00007ffecdb81000 	C:\WINDOWS\system32\nlansp_c.dll
0x00007ffed1660000 - 0x00007ffed166a000 	C:\Windows\System32\rasadhlp.dll
0x00007ffed1550000 - 0x00007ffed15d4000 	C:\WINDOWS\System32\fwpuclnt.dll
0x00007ffea7920000 - 0x00007ffea7927000 	C:\Program Files\Java\jdk-20\bin\rmi.dll

dbghelp: loaded successfully - version: 4.0.5 - missing functions: none
symbol engine: initialized successfully - sym options: 0x614 - pdb path: .;C:\Program Files\Java\jdk-20\bin;C:\WINDOWS\SYSTEM32;C:\WINDOWS\WinSxS\amd64_microsoft.windows.common-controls_6595b64144ccf1df_6.0.22621.5840_none_2710ea077384a4fe;C:\Program Files\Java\jdk-20\bin\server;C:\Users\LENOVO\.gradle\native\1def1411415f61bf3af743bc5b6707747c0891f09f0c88961ee8f79bc544acac\windows-amd64;C:\Users\LENOVO\.gradle\native\0.2.5\x86_64-windows-gnu;C:\Users\LENOVO\AppData\Local\Temp\native-platform18280323534326321946dir

VM Arguments:
jvm_args: --add-opens=java.base/java.lang=ALL-UNNAMED --add-opens=java.base/java.lang.invoke=ALL-UNNAMED --add-opens=java.base/java.util=ALL-UNNAMED --add-opens=java.prefs/java.util.prefs=ALL-UNNAMED --add-exports=jdk.compiler/com.sun.tools.javac.api=ALL-UNNAMED --add-exports=jdk.compiler/com.sun.tools.javac.util=ALL-UNNAMED --add-opens=java.base/java.util=ALL-UNNAMED --add-opens=java.prefs/java.util.prefs=ALL-UNNAMED --add-opens=java.base/java.nio.charset=ALL-UNNAMED --add-opens=java.base/java.net=ALL-UNNAMED --add-opens=java.base/java.util.concurrent.atomic=ALL-UNNAMED --add-opens=java.xml/javax.xml.namespace=ALL-UNNAMED -XX:MaxMetaspaceSize=4G -XX:ReservedCodeCacheSize=512m -XX:+HeapDumpOnOutOfMemoryError -Xmx8G -Dfile.encoding=UTF-8 -Duser.country=ID -Duser.language=en -Duser.variant -javaagent:C:\Users\LENOVO\.gradle\wrapper\dists\gradle-8.12-all\ejduaidbjup3bmmkhw3rie4zb\gradle-8.12\lib\agents\gradle-instrumentation-agent-8.12.jar 
java_command: org.gradle.launcher.daemon.bootstrap.GradleDaemon 8.12
java_class_path (initial): C:\Users\LENOVO\.gradle\wrapper\dists\gradle-8.12-all\ejduaidbjup3bmmkhw3rie4zb\gradle-8.12\lib\gradle-daemon-main-8.12.jar
Launcher Type: SUN_STANDARD

[Global flags]
     intx CICompilerCount                          = 4                                         {product} {ergonomic}
     uint ConcGCThreads                            = 3                                         {product} {ergonomic}
     uint G1ConcRefinementThreads                  = 10                                        {product} {ergonomic}
   size_t G1HeapRegionSize                         = 4194304                                   {product} {ergonomic}
    uintx GCDrainStackTargetSize                   = 64                                        {product} {ergonomic}
     bool HeapDumpOnOutOfMemoryError               = true                                   {manageable} {command line}
   size_t InitialHeapSize                          = 100663296                                 {product} {ergonomic}
   size_t MarkStackSize                            = 4194304                                   {product} {ergonomic}
   size_t MaxHeapSize                              = 8589934592                                {product} {command line}
   size_t MaxMetaspaceSize                         = 4294967296                                {product} {command line}
   size_t MaxNewSize                               = 5150605312                                {product} {ergonomic}
   size_t MinHeapDeltaBytes                        = 4194304                                   {product} {ergonomic}
   size_t MinHeapSize                              = 8388608                                   {product} {ergonomic}
    uintx NonNMethodCodeHeapSize                   = 5839372                                {pd product} {ergonomic}
    uintx NonProfiledCodeHeapSize                  = 265515770                              {pd product} {ergonomic}
    uintx ProfiledCodeHeapSize                     = 265515770                              {pd product} {ergonomic}
    uintx ReservedCodeCacheSize                    = 536870912                              {pd product} {command line}
     bool SegmentedCodeCache                       = true                                      {product} {ergonomic}
   size_t SoftMaxHeapSize                          = 8589934592                             {manageable} {ergonomic}
     bool UseCompressedClassPointers               = true                           {product lp64_product} {ergonomic}
     bool UseCompressedOops                        = true                           {product lp64_product} {ergonomic}
     bool UseG1GC                                  = true                                      {product} {ergonomic}
     bool UseLargePagesIndividualAllocation        = false                                  {pd product} {ergonomic}

Logging:
Log output configuration:
 #0: stdout all=warning uptime,level,tags foldmultilines=false
 #1: stderr all=off uptime,level,tags foldmultilines=false

Environment Variables:
PATH=C:\Program Files (x86)\VMware\VMware Workstation\bin\;C:\Program Files\Common Files\Oracle\Java\javapath;C:\Windows\system32;C:\Windows;C:\Windows\System32\Wbem;C:\Windows\System32\WindowsPowerShell\v1.0\;C:\Windows\System32\OpenSSH\;C:\Program Files (x86)\NVIDIA Corporation\PhysX\Common;C:\Program Files\NVIDIA Corporation\NVIDIA NvDLISR;C:\Program Files\Java\jdk-20\bin;C:\Program Files\Git\cmd;C:\WINDOWS\system32;C:\WINDOWS;C:\WINDOWS\System32\Wbem;C:\WINDOWS\System32\WindowsPowerShell\v1.0\;C:\WINDOWS\System32\OpenSSH\;C:\ProgramFiles(x86)\Microsoft SQL Server\160\Tools\Binn\;C:\ProgramFiles\Microsoft SQL Server\160\Tools\Binn\;C:\ProgramFiles\Microsoft SQL Server\Client SDK\ODBC\170\Tools\Binn\;C:\ProgramFiles\Microsoft SQL Server\160\DTS\Binn\;C:\ProgramFiles(x86)\Microsoft SQL Server\160\DTS\Binn\;D:\laragon\bin\php\php-8.3.16-Win32-vs16-x64;C:\Users\LENOVO\AppData\Roaming\Composer\vendor\bin;C:\Program Files\nodejs\;C:\Program Files (x86)\Windows Kits\10\Windows Performance Toolkit\;C:\Users\LENOVO\AppData\Local\Programs\Python\Launcher\;C:\Users\LENOVO\.config\herd-lite\bin;C:\Users\LENOVO\AppData\Local\Yarn\config\global\node_modules\.bin;C:\Users\LENOVO\AppData\Roaming\npm;D:\laragon\bin;D:\laragon\bin\apache\httpd-2.4.54-win64-VS16\bin;D:\laragon\bin\composer;D:\laragon\bin\git\bin;D:\laragon\bin\git\cmd;D:\laragon\bin\git\mingw64\bin;D:\laragon\bin\git\usr\bin;D:\laragon\bin\laragon\utils;D:\laragon\bin\mysql\mysql-8.0.30-winx64\bin;D:\laragon\bin\nginx\nginx-1.22.0;D:\laragon\bin\ngrok;D:\laragon\bin\nodejs\node-v18;D:\laragon\bin\notepad++;D:\laragon\bin\python\python-3.10;D:\laragon\bin\python\python-3.10\Scripts;D:\laragon\bin\redis\redis-x64-5.0.14.1;D:\laragon\bin\telnet;D:\laragon\usr\bin;C:\Users\LENOVO\AppData\Local\Microsoft\WindowsApps;C:\Users\LENOVO\AppData\Local\Programs\Microsoft VS Code\bin;C:\Program Files\JetBrains\PhpStorm 2024.3.3\bin;D:\laragon\bin\php\php-8.3.16-Win32-vs16-x64;C:\Users\LENOVO\AppData\Roaming\Composer\vendor\bin;D:\anaconda;D:\anaconda\condabin;D:\anaconda\Scripts;D:\anaconda\Library\bin;D:\flutter\bin;
USERNAME=LENOVO
OS=Windows_NT
PROCESSOR_IDENTIFIER=AMD64 Family 25 Model 80 Stepping 0, AuthenticAMD
TMP=C:\Users\LENOVO\AppData\Local\Temp
TEMP=C:\Users\LENOVO\AppData\Local\Temp




---------------  S Y S T E M  ---------------

OS:
 Windows 11 , 64 bit Build 22621 (10.0.22621.5415)
OS uptime: 9 days 14:21 hours

CPU: total 12 (initial active 12) (12 cores per cpu, 2 threads per core) family 25 model 80 stepping 0 microcode 0x0, cx8, cmov, fxsr, ht, mmx, 3dnowpref, sse, sse2, sse3, ssse3, sse4a, sse4.1, sse4.2, popcnt, lzcnt, tsc, tscinvbit, avx, avx2, aes, erms, clmul, bmi1, bmi2, adx, sha, fma, vzeroupper, clflush, clflushopt, rdtscp, rdpid, fsrm, f16c, pku, cet_ss

Memory: 4k page, system-wide physical 5996M (196M free)
TotalPageFile size 24428M (AvailPageFile size 89M)
current process WorkingSet (physical memory assigned to process): 254M, peak: 926M
current process commit charge ("private bytes"): 1748M, peak: 1861M

vm_info: Java HotSpot(TM) 64-Bit Server VM (20.0.2+9-78) for windows-amd64 JRE (20.0.2+9-78), built on 2023-06-14T10:08:48Z by "mach5one" with MS VC++ 17.1 (VS2022)

END.
